股票,名稱,市場,族群,日期,收盤價,漲幅%,MA5,EMA20,KD-K,KD-D,MACD,SIGNAL,成交量,量比,成交值(億),60日高點,20日支撐,距離前高%,RR,外資今日,外資3日,投信今日,投信3日,AI分數,交易品質,熱門排行
3094,聯傑國際股份有限公司,上市,半導體,2026-09-30,61.6,3.18,56.5,49.14,88.52,79.56,5.06,3.58,38765297,3.1,23.88,61.6,40.8,-0.0,0.0,0,0,0,0,42,提前發動,1
6133,金橋科技股份有限公司,上市,電子零組件,2026-09-30,29.6,3.86,27.46,25.52,76.13,70.2,1.44,1.01,20062799,3.96,5.94,29.6,22.1,0.0,0.0,0,0,0,0,41,提前發動,2
4906,正文科技股份有限公司,上市,通信網路,2026-09-30,42.3,5.22,39.39,37.58,78.62,66.87,1.02,0.48,17496880,2.65,7.4,42.3,35.1,-0.0,0.0,0,0,0,0,39,提前發動,3
3533,嘉澤端子工業股份有限公司,上市,電子零組件,2026-09-30,1770.0,3.51,1721.0,1664.66,79.04,65.73,-9.21,-38.01,2387665,2.37,42.26,2035.0,1510.0,13.02,1.02,0,0,0,0,39,提前發動,4
2002,中國鋼鐵股份有限公司,上市,鋼鐵工業,2026-09-30,19.2,2.13,18.79,18.87,44.41,24.17,-0.06,-0.08,90399261,3.21,17.36,19.75,18.65,2.78,1.0,0,0,0,0,38,提前發動,5
1101,臺灣水泥股份有限公司,上市,水泥工業,2026-09-30,26.3,3.95,25.41,24.78,69.8,58.08,0.3,0.12,104714048,2.74,27.54,26.3,23.8,-0.0,0.0,0,0,0,0,38,提前發動,6
6789,采鈺科技股份有限公司,上市,半導體,2026-09-30,494.0,3.24,474.9,461.44,76.73,63.08,5.47,1.37,2481737,1.77,12.26,535.0,425.0,7.66,0.59,0,0,0,0,38,提前發動,7
3042,台灣晶技股份有限公司,上市,電子零組件,2026-09-30,210.0,0.72,200.6,189.05,71.66,68.28,6.02,2.73,26835730,1.81,56.36,210.0,172.0,0.0,0.0,0,0,0,0,37,提前發動,8
2330,台灣積體電路製造股份有限公司,上市,半導體,2026-09-30,2480.0,0.2,2478.0,2443.2,74.02,67.4,21.21,16.53,32442982,1.67,804.59,2500.0,2380.0,0.8,0.2,0,0,0,0,37,提前發動,9
6456,GIS Holding Limited,上市,光電,2026-09-30,92.0,2.91,82.98,73.42,86.41,74.59,4.64,1.87,63142539,6.54,58.09,92.0,61.6,0.0,0.0,0,0,0,0,36,提前發動,10
2368,金像電子(股)公司,上市,電子零組件,2026-09-30,1120.0,0.0,1105.0,1063.16,75.24,62.49,16.72,8.31,19307964,2.22,216.25,1225.0,950.0,8.57,0.62,0,0,0,0,36,提前發動,11
3532,台塑勝高科技股份有限公司,上市,半導體,2026-09-30,471.0,3.74,451.4,426.24,69.7,65.01,22.2,19.58,14057506,1.88,66.21,523.0,381.0,9.94,0.58,0,0,0,0,35,提前發動,12
4919,新唐科技股份有限公司,上市,半導體,2026-09-30,138.5,2.21,135.5,125.91,75.94,68.83,3.02,0.08,13107192,1.56,18.15,168.5,111.0,17.8,1.09,0,0,0,0,35,提前發動,13
2340,台亞半導體股份有限公司,上市,半導體,2026-09-30,40.8,7.37,36.36,34.35,81.47,71.46,1.24,0.53,34418651,6.67,14.04,40.8,31.15,-0.0,0.0,0,0,0,0,34,潛力強勢,14
2484,希華晶體科技股份有限公司,上市,電子零組件,2026-09-30,78.0,1.43,74.04,72.25,76.24,67.11,0.59,-0.35,23916508,2.64,18.65,92.3,66.7,15.49,1.27,0,0,0,0,34,潛力強勢,15
3013,晟銘電子科技股份有限公司,上市,電腦及週邊,2026-09-30,86.8,3.33,84.54,84.26,43.72,34.58,-0.01,-0.22,2753979,2.42,2.39,101.44,81.5,14.43,2.76,0,0,0,0,34,潛力強勢,16
3055,蔚華科技股份有限公司,上市,電子通路,2026-09-30,209.5,2.95,204.4,171.17,75.52,79.8,20.67,16.09,15289845,2.15,32.03,209.5,129.5,0.0,0.0,0,0,0,0,34,潛力強勢,17
3016,嘉晶電子股份有限公司,上市,半導體,2026-09-30,169.0,-2.03,155.9,127.88,92.67,89.88,15.03,8.27,43207217,2.09,73.02,172.5,98.3,2.03,0.05,0,0,0,0,34,潛力強勢,18
2404,漢唐集成股份有限公司,上市,其他電子,2026-09-30,1290.0,5.74,1237.0,1137.86,87.8,80.43,39.91,11.22,3522715,2.03,45.44,1290.0,1005.0,0.0,0.0,0,0,0,0,34,潛力強勢,19
6257,矽格股份有限公司,上市,半導體,2026-09-30,254.0,7.4,245.9,228.86,70.93,67.84,10.15,7.06,21825923,1.76,55.44,254.0,207.5,0.0,0.0,0,0,0,0,34,潛力強勢,20
1303,南亞塑膠工業股份有限公司,上市,塑膠工業,2026-09-30,255.5,3.44,239.9,231.82,65.8,57.03,10.18,10.09,122143740,1.62,312.08,255.5,221.0,0.0,0.0,0,0,0,0,34,潛力強勢,21
3592,瑞鼎科技股份有限公司,上市,半導體,2026-09-30,237.5,5.56,227.7,225.75,72.32,67.38,-0.24,-2.02,1752047,5.35,4.16,274.0,218.5,13.32,1.92,0,0,0,0,33,潛力強勢,22
2371,大同股份有限公司,上市,電機機械,2026-09-30,30.45,3.75,29.42,28.72,70.21,66.04,0.62,0.52,25584535,2.48,7.79,30.45,27.45,0.0,0.0,0,0,0,0,33,潛力強勢,23
7822,倍利科技股份有限公司,上市,半導體,2026-09-30,998.0,2.25,928.4,895.36,82.07,66.82,9.12,-7.08,468843,3.19,4.68,1030.0,800.0,3.11,0.16,0,0,0,0,32,潛力強勢,24
6282,康舒科技股份有限公司,上市,電子零組件,2026-09-30,43.7,2.1,43.07,43.5,53.89,48.36,-0.75,-0.99,7054235,1.71,3.08,59.0,41.55,25.93,7.12,0,0,0,0,32,潛力強勢,25
2618,長榮航空股份有限公司,上市,航運業,2026-09-30,42.85,3.25,42.34,42.15,62.87,59.4,0.02,-0.02,27470617,1.56,11.77,44.4,41.2,3.49,0.94,0,0,0,0,32,潛力強勢,26
2308,台達電子工業股份有限公司,上市,AI,2026-09-30,1890.0,3.0,1887.0,1802.31,74.55,70.61,26.61,6.94,10961217,1.01,207.17,1910.0,1620.0,1.05,0.07,0,0,0,0,32,潛力強勢,27
6414,樺漢科技股份有限公司,上市,電腦及週邊,2026-09-30,392.0,-1.51,382.3,383.45,59.11,51.96,-5.36,-9.05,2335381,2.12,9.15,503.0,367.5,22.07,4.53,0,0,0,0,31,潛力強勢,28
2498,宏達國際電子股份有限公司,上市,通信網路,2026-09-30,42.9,-0.23,41.89,40.96,62.72,50.34,0.33,-0.02,13192067,2.09,5.66,45.15,39.25,4.98,0.62,0,0,0,0,31,潛力強勢,29
4960,誠美材料科技股份有限公司,上市,光電,2026-09-30,24.4,4.05,23.29,22.08,73.04,64.47,0.58,0.22,9355419,2.17,2.28,24.4,19.5,-0.0,0.0,0,0,0,0,30,潛力強勢,30
2342,台灣茂矽電子股份有限公司,上市,半導體,2026-09-30,50.3,0.4,47.42,42.92,81.23,77.41,2.19,0.93,14203999,2.06,7.14,54.5,37.7,7.71,0.33,0,0,0,0,30,潛力強勢,31
3665,貿聯控股(BizLink Holding Inc.),上市,其他電子,2026-09-30,2595.0,6.13,2393.0,2212.67,87.16,80.7,83.95,24.96,6147441,1.88,159.53,2595.0,1875.0,0.0,0.0,0,0,0,0,30,潛力強勢,32
6805,富世達股份有限公司,上市,電子零組件,2026-09-30,2455.0,-2.39,2520.0,2279.53,67.57,67.4,151.6,135.39,2355746,1.78,57.83,2600.0,2025.0,5.58,0.34,0,0,0,0,30,潛力強勢,33
6770,力晶積成電子製造股份有限公司,上市,半導體,2026-09-30,75.3,4.15,72.9,71.65,78.69,69.59,1.07,0.88,136492479,1.11,102.78,78.4,66.9,3.95,0.37,0,0,0,0,30,潛力強勢,34
2316,楠梓電子股份有限公司,上市,電子零組件,2026-09-30,166.0,2.47,161.6,159.56,70.34,56.64,0.27,-0.75,1630818,1.0,2.71,218.0,153.0,23.85,4.0,0,0,0,0,30,潛力強勢,35
2337,旺宏電子股份有限公司,上市,半導體,2026-09-30,122.5,3.38,119.0,120.44,51.43,40.15,-1.52,-1.88,26846216,0.94,32.89,148.5,114.5,17.51,3.25,0,0,0,0,30,潛力強勢,36
2344,華邦電子股份有限公司,上市,半導體,2026-09-30,179.5,3.16,173.7,173.86,71.09,57.88,0.18,-0.03,84636785,0.83,151.92,188.0,159.5,4.52,0.42,0,0,0,0,30,潛力強勢,37
1809,中國製釉股份有限公司,上市,玻璃陶瓷,2026-09-30,47.85,6.33,44.01,40.57,85.83,75.98,1.49,0.36,19464580,4.67,9.31,49.55,36.0,3.43,0.14,0,0,0,0,29,潛力強勢,38
4956,光鋐科技股份有限公司,上市,光電,2026-09-30,46.5,1.09,44.55,39.63,81.32,76.57,3.19,2.19,29959058,2.82,13.93,46.85,32.05,0.75,0.02,0,0,0,0,29,潛力強勢,39
1605,華新麗華股份有限公司,上市,電器電纜,2026-09-30,38.4,5.64,37.01,37.26,40.41,29.38,-0.01,0.05,41974049,2.69,16.12,40.0,36.35,4.0,0.78,0,0,0,0,29,潛力強勢,40
3563,牧德科技股份有限公司,上市,光電,2026-09-30,807.0,1.64,766.8,709.97,81.9,67.72,23.54,7.61,1860866,2.67,15.02,807.0,642.0,0.0,0.0,0,0,0,0,29,潛力強勢,41
5434,崇越科技股份有限公司,上市,電子通路,2026-09-30,555.0,2.78,542.6,536.83,61.3,57.97,4.77,3.6,1041937,1.87,5.78,596.0,527.0,6.88,1.46,0,0,0,0,29,潛力強勢,42
1314,中國石油化學工業開發(股)公司,上市,塑膠工業,2026-09-30,9.0,2.97,8.87,8.55,58.39,57.82,0.24,0.19,85035494,1.86,7.65,9.77,8.1,7.88,0.86,0,0,0,0,29,潛力強勢,43
3645,達邁科技股份有限公司,上市,電子零組件,2026-09-30,75.3,3.58,72.64,71.03,72.64,55.18,0.58,-0.04,4987998,1.83,3.76,85.5,66.8,11.93,1.2,0,0,0,0,29,潛力強勢,44
1301,台灣塑膠工業股份有限公司,上市,塑膠工業,2026-09-30,68.1,5.42,64.9,64.17,65.6,53.69,1.14,1.18,52726362,1.8,35.91,68.1,62.0,-0.0,0.0,0,0,0,0,29,潛力強勢,45
3583,辛耘企業股份有限公司,上市,半導體,2026-09-30,707.0,-0.84,702.6,706.16,55.32,47.47,-6.45,-8.03,1260862,1.57,8.91,842.0,664.0,16.03,3.14,0,0,0,0,29,潛力強勢,46
2436,偉詮電子股份有限公司,上市,半導體,2026-09-30,74.5,-1.84,72.68,69.43,79.68,73.31,2.09,1.44,9557887,1.47,7.12,75.9,65.1,1.84,0.15,0,0,0,0,29,潛力強勢,47
3714,富采控股股份有限公司,上市,光電,2026-09-30,69.9,2.64,68.4,65.25,69.24,64.33,2.35,2.02,21349531,1.26,14.92,69.9,60.1,0.0,0.0,0,0,0,0,29,潛力強勢,48
6937,天虹科技股份有限公司,上市,半導體,2026-09-30,308.0,0.0,303.6,293.58,75.39,67.18,7.51,6.22,747860,1.25,2.3,308.0,277.5,0.0,0.0,0,0,0,0,29,潛力強勢,49
8046,南亞電路板股份有限公司,上市,電子零組件,2026-09-30,1340.0,5.51,1245.0,1163.58,89.29,77.04,29.88,2.96,13537599,1.21,181.4,1415.0,1025.0,5.3,0.24,0,0,0,0,29,潛力強勢,50
2034,允強實業股份有限公司,上市,鋼鐵工業,2026-09-30,24.8,5.98,22.99,21.65,82.5,76.67,0.82,0.46,18911435,5.1,4.69,24.8,20.25,-0.0,0.0,0,0,0,0,28,潛力強勢,51
2241,艾姆勒科技股份有限公司,上市,汽車工業,2026-09-30,46.15,4.89,43.69,38.17,87.24,79.07,2.44,1.12,8095812,4.71,3.74,46.15,33.35,0.0,0.0,0,0,0,0,28,潛力強勢,52
8213,志超科技股份有限公司,上市,電子零組件,2026-09-30,34.5,5.18,33.36,32.99,72.98,65.8,0.22,0.11,996967,3.27,0.34,34.65,32.25,0.43,0.07,0,0,0,0,28,潛力強勢,53
6533,晶心科技股份有限公司,上市,半導體,2026-09-30,333.5,9.88,283.7,264.25,86.05,71.06,13.02,5.61,9821721,3.26,32.76,333.5,224.5,0.0,0.0,0,0,0,0,28,潛力強勢,54
6213,聯茂電子股份有限公司,上市,電子零組件,2026-09-30,623.0,0.48,584.4,542.28,81.17,71.42,31.74,25.54,23544318,1.41,146.68,623.0,495.0,0.0,0.0,0,0,0,0,28,潛力強勢,55
3035,智原科技股份有限公司,上市,半導體,2026-09-30,210.5,0.24,206.8,189.94,84.76,79.23,7.67,3.76,5811673,1.36,12.23,216.0,169.5,2.55,0.13,0,0,0,0,28,潛力強勢,56
3711,日月光投資控股股份有限公司,上市,半導體,2026-09-30,703.0,2.33,695.0,647.69,81.51,76.39,23.45,14.61,14539319,0.9,102.21,703.0,588.0,0.0,0.0,0,0,0,0,28,潛力強勢,57
6526,達發科技股份有限公司,上市,半導體,2026-09-30,840.0,3.19,819.6,711.45,86.02,79.83,54.9,34.07,981637,0.67,8.25,840.0,623.0,0.0,0.0,0,0,0,0,28,潛力強勢,58
2850,新光產物保險股份有限公司,上市,金融保險,2026-09-30,163.0,1.24,159.8,159.26,74.97,63.75,0.45,0.15,1400870,5.26,2.28,168.5,155.5,3.26,0.73,0,0,0,0,27,可觀察,59
3550,聯穎科技股份有限公司,上市,電子零組件,2026-09-30,25.9,-1.15,24.76,23.73,78.0,70.38,0.47,0.08,8112563,5.12,2.1,29.35,21.2,11.75,0.73,0,0,0,0,27,可觀察,60
4551,智伸科技股份有限公司,上市,汽車工業,2026-09-30,174.5,-2.79,167.6,164.07,66.5,56.14,0.45,-1.98,5382756,4.6,9.39,254.0,153.5,31.3,3.79,0,0,0,0,27,可觀察,61
4739,康普材料科技股份有限公司,上市,化學工業,2026-09-30,88.4,6.25,82.22,81.84,72.02,60.8,-0.56,-1.57,4285068,3.37,3.79,110.0,76.0,19.64,1.74,0,0,0,0,27,可觀察,62
6438,迅得機械股份有限公司,上市,其他電子,2026-09-30,164.0,1.23,157.8,152.38,72.62,59.78,2.72,1.19,1454420,2.63,2.39,164.0,142.5,0.0,0.0,0,0,0,0,27,可觀察,63
4566,時碩工業股份有限公司,上市,電機機械,2026-09-30,74.1,1.23,70.84,67.56,79.67,70.84,1.23,-0.11,3301559,2.17,2.45,76.3,62.7,2.88,0.19,0,0,0,0,27,可觀察,64
6278,台灣表面黏著科技股份有限公司,上市,光電,2026-09-30,218.0,0.93,213.7,198.44,82.74,74.14,7.91,5.48,8868869,1.77,19.33,218.0,180.5,0.0,0.0,0,0,0,0,27,可觀察,65
6139,亞翔工程股份有限公司,上市,其他電子,2026-09-30,756.0,3.28,738.4,737.38,70.85,56.63,-7.92,-13.66,3365080,1.48,25.44,895.0,696.0,15.53,2.32,0,0,0,0,27,可觀察,66
6933,艾瑪斯科技控股股份有限公司,上市,電腦及週邊,2026-09-30,371.0,-1.85,360.5,322.02,79.27,73.15,34.74,33.39,2425073,1.33,9.0,385.0,286.0,3.64,0.16,0,0,0,0,27,可觀察,67
2451,創見資訊股份有限公司,上市,半導體,2026-09-30,289.0,1.05,285.8,285.06,78.71,67.87,-0.34,-0.84,2744936,1.21,7.93,316.0,273.0,8.54,1.69,0,0,0,0,27,可觀察,68
3413,京鼎精密科技股份有限公司,上市,半導體,2026-09-30,291.0,0.0,287.7,285.7,79.67,73.06,-1.68,-4.11,704745,1.16,2.05,382.0,274.0,23.82,5.35,0,0,0,0,27,可觀察,69
4958,臻鼎科技控股股份有限公司,上市,電子零組件,2026-09-30,507.0,1.71,488.6,485.7,62.84,45.27,1.62,0.01,30736252,1.03,155.83,646.0,463.0,21.52,3.16,0,0,0,0,27,可觀察,70
6197,佳必琪國際股份有限公司,上市,電子零組件,2026-09-30,326.0,2.19,319.8,311.38,79.22,68.82,4.21,1.82,1626136,0.94,5.3,369.0,292.0,11.65,1.26,0,0,0,0,27,可觀察,71
4916,事欣科技股份有限公司,上市,電腦及週邊,2026-09-30,104.0,2.46,103.2,100.71,70.28,65.93,0.88,0.05,2093207,0.87,2.18,118.0,92.3,11.86,1.2,0,0,0,0,27,可觀察,72
2493,揚博科技股份有限公司,上市,電子零組件,2026-09-30,197.5,0.77,195.2,189.59,69.23,64.53,0.33,-2.55,1602974,0.75,3.17,280.5,170.5,29.59,3.07,0,0,0,0,27,可觀察,73
8110,華東科技股份有限公司,上市,半導體,2026-09-30,49.2,1.65,49.05,46.33,67.42,64.57,1.2,0.52,6094319,0.7,3.0,52.1,40.5,5.57,0.33,0,0,0,0,27,可觀察,74
3715,定穎投資控股股份有限公司,上市,電子零組件,2026-09-30,126.5,1.61,125.6,122.54,52.63,42.52,1.15,0.75,4264456,0.66,5.39,155.5,118.0,18.65,3.41,0,0,0,0,27,可觀察,75
3543,州巧科技股份有限公司,上市,光電,2026-09-30,51.2,1.99,48.02,45.41,84.6,73.6,1.83,1.42,10682224,4.64,5.47,54.5,42.0,6.06,0.36,0,0,0,0,26,可觀察,76
2406,國碩科技工業股份有限公司,上市,光電,2026-09-30,31.45,3.8,30.45,28.91,81.42,72.25,0.31,-0.33,18968822,3.07,5.97,39.1,25.85,19.57,1.37,0,0,0,0,26,可觀察,77
6239,力成科技股份有限公司,上市,半導體,2026-09-30,289.5,3.02,287.2,281.48,58.17,58.54,2.68,1.58,14443214,1.22,41.81,323.5,268.0,10.51,1.58,0,0,0,0,26,可觀察,78
2399,映泰股份有限公司,上市,電腦及週邊,2026-09-30,48.95,-0.51,48.01,47.13,58.84,56.16,1.01,0.92,4251900,0.76,2.08,49.5,44.4,1.11,0.12,0,0,0,0,26,可觀察,79
2395,研華股份有限公司,上市,電腦及週邊,2026-09-30,726.0,-0.55,716.4,693.23,71.42,70.64,18.42,16.11,2181370,0.74,15.84,730.0,653.0,0.55,0.05,0,0,0,0,26,可觀察,80
3717,聯嘉光電投資控股股份有限公司,上市,汽車工業,2026-09-30,27.7,-0.54,26.44,24.15,80.29,71.05,1.15,0.51,31476966,4.09,8.72,27.85,21.0,0.54,0.02,0,0,0,0,25,可觀察,81
8210,勤誠興業股份有限公司,上市,電腦及週邊,2026-09-30,836.0,-4.68,880.0,910.06,22.41,29.67,-35.83,-36.99,4689910,3.66,39.21,1235.0,836.0,32.31,0.0,0,0,0,0,25,可觀察,82
1708,東南實業股份有限公司,上市,化學工業,2026-09-30,53.8,3.46,51.66,50.73,78.67,69.8,0.47,0.04,7786702,2.87,4.19,60.0,47.95,10.33,1.06,0,0,0,0,25,可觀察,83
6155,鈞寶電子工業股份有限公司,上市,電子零組件,2026-09-30,63.3,-1.09,59.94,58.13,74.37,63.68,0.76,-0.19,3729819,2.42,2.36,76.3,53.8,17.04,1.37,0,0,0,0,25,可觀察,84
4526,東台精機股份有限公司,上市,電機機械,2026-09-30,34.05,5.91,32.22,31.57,69.15,58.38,0.37,0.11,6939299,2.36,2.36,39.0,29.8,12.69,1.16,0,0,0,0,25,可觀察,85
8028,昇陽國際半導體股份有限公司,上市,半導體,2026-09-30,282.5,-2.25,272.4,255.51,82.09,75.48,5.56,-1.1,11726035,1.86,33.13,350.0,221.5,19.29,1.11,0,0,0,0,25,可觀察,86
6505,台塑石化股份有限公司,上市,油電燃氣,2026-09-30,97.3,3.18,90.66,84.94,82.4,74.25,4.81,3.89,37886063,1.38,36.86,97.3,76.5,0.0,0.0,0,0,0,0,25,可觀察,87
3189,景碩科技股份有限公司,上市,半導體,2026-09-30,970.0,1.57,940.4,868.95,81.63,74.1,32.97,17.01,21242933,1.14,206.06,970.0,775.0,0.0,0.0,0,0,0,0,25,可觀察,88
2408,南亞科技股份有限公司,上市,半導體,2026-09-30,519.0,2.57,508.0,504.29,64.27,57.54,5.46,6.08,39975209,0.76,207.47,543.0,465.5,4.42,0.45,0,0,0,0,25,可觀察,89
3037,欣興電子股份有限公司,上市,電子零組件,2026-09-30,1175.0,0.86,1161.0,1056.02,86.51,80.26,42.19,19.27,10690917,0.51,125.62,1185.0,902.0,0.84,0.04,0,0,0,0,25,可觀察,90
7788,松川精密股份有限公司,上市,電子零組件,2026-09-30,294.0,2.26,290.3,290.69,49.92,46.14,4.06,7.01,916026,0.42,2.69,335.0,280.5,12.24,3.04,0,0,0,0,25,可觀察,91
3576,聯合再生能源股份有限公司,上市,光電,2026-09-30,19.7,9.75,18.25,17.49,78.38,65.12,0.32,0.04,86484607,6.21,17.04,19.7,16.05,0.0,0.0,0,0,0,0,24,可觀察,92
5234,達興材料股份有限公司,上市,光電,2026-09-30,308.5,-4.19,303.1,299.11,64.52,58.14,-1.7,-5.68,1310493,5.01,4.04,380.5,282.5,18.92,2.77,0,0,0,0,24,可觀察,93
3701,大眾全球投資控股股份有限公司,上市,電腦及週邊,2026-09-30,45.9,9.94,42.35,41.54,66.51,53.79,0.51,0.13,4549636,3.65,2.09,45.9,38.8,0.0,0.0,0,0,0,0,24,可觀察,94
6116,瀚宇彩晶股份有限公司,上市,光電,2026-09-30,16.35,9.73,15.32,14.66,66.91,54.24,0.29,0.1,154439787,3.23,25.25,17.25,13.65,5.22,0.33,0,0,0,0,24,可觀察,95
3060,銘異科技股份有限公司,上市,電腦及週邊,2026-09-30,28.1,2.37,27.02,26.9,63.97,58.1,-0.15,-0.42,2269824,2.71,0.64,37.15,25.5,24.36,3.48,0,0,0,0,24,可觀察,96
3593,力銘科技股份有限公司,上市,電子零組件,2026-09-30,11.0,6.8,9.82,10.22,73.58,53.66,-0.44,-0.61,39764,2.22,0.0,17.45,8.8,36.96,2.93,0,0,0,0,24,可觀察,97
2485,兆赫電子股份有限公司,上市,通信網路,2026-09-30,41.7,4.91,39.93,40.22,66.76,53.6,-0.53,-0.81,4128288,2.04,1.72,50.2,37.55,16.93,2.05,0,0,0,0,24,可觀察,98
8150,南茂科技股份有限公司,上市,半導體,2026-09-30,114.5,9.57,108.7,97.83,79.45,70.59,4.96,2.37,78972332,1.93,90.42,122.5,84.4,6.53,0.27,0,0,0,0,24,可觀察,99
6196,帆宣系統科技股份有限公司,上市,其他電子,2026-09-30,585.0,7.54,555.6,532.46,80.67,75.57,14.49,8.95,2982218,1.8,17.45,590.0,492.0,0.85,0.05,0,0,0,0,24,可觀察,100
1597,直得科技股份有限公司,上市,電機機械,2026-09-30,146.5,0.0,139.0,140.66,49.91,34.06,-0.16,-0.24,3559854,1.4,5.22,155.0,133.5,5.48,0.65,0,0,0,0,24,可觀察,101
8033,雷虎科技股份有限公司,上市,其他,2026-09-30,174.5,3.25,170.0,173.56,45.3,31.3,-3.43,-3.83,2552123,0.98,4.45,269.5,166.5,35.25,11.88,0,0,0,0,24,可觀察,102
6285,啟碁科技股份有限公司,上市,通信網路,2026-09-30,236.0,1.51,234.0,233.06,70.17,60.65,-1.83,-3.15,2191936,0.72,5.17,267.0,219.0,11.61,1.82,0,0,0,0,24,可觀察,103
3661,世芯電子股份有限公司,上市,半導體,2026-09-30,3740.0,1.49,3734.0,3730.7,62.38,52.57,-47.07,-52.44,1123956,0.5,42.04,4275.0,3295.0,12.51,1.2,0,0,0,0,24,可觀察,104
4967,十銓科技股份有限公司,上市,半導體,2026-09-30,275.0,1.1,272.7,273.2,52.61,44.77,1.62,2.65,1310891,0.45,3.6,281.5,266.0,2.31,0.72,0,0,0,0,24,可觀察,105
3419,譁裕實業股份有限公司,上市,通信網路,2026-09-30,12.05,2.12,11.31,11.37,59.12,43.12,-0.14,-0.26,1020624,4.26,0.12,13.85,10.75,13.0,1.38,0,0,0,0,23,可觀察,106
6142,友勁科技股份有限公司,上市,通信網路,2026-09-30,9.44,4.19,9.14,8.97,72.69,69.3,0.03,-0.05,1276036,3.33,0.12,11.25,8.51,16.09,1.95,0,0,0,0,23,可觀察,107
6443,元晶太陽能科技股份有限公司,上市,光電,2026-09-30,28.75,4.55,28.12,26.26,72.42,66.47,0.48,-0.13,13107729,1.78,3.77,31.75,22.7,9.45,0.5,0,0,0,0,23,可觀察,108
1513,中興電工機械股份有限公司,上市,電機機械,2026-09-30,168.0,0.6,166.5,165.65,72.62,62.93,0.54,0.31,2906724,1.64,4.88,175.0,162.0,4.0,1.17,0,0,0,0,23,可觀察,109
3017,奇鋐科技股份有限公司,上市,AI,2026-09-30,3435.0,1.03,3450.0,3331.58,68.7,65.56,107.02,117.47,3628481,1.28,124.64,3570.0,3115.0,3.78,0.42,0,0,0,0,23,可觀察,110
2458,義隆電子股份有限公司,上市,半導體,2026-09-30,137.5,1.1,133.9,133.59,82.99,71.58,-2.14,-4.0,1482328,1.1,2.04,188.0,125.0,26.86,4.04,0,0,0,0,23,可觀察,111
2441,超豐電子股份有限公司,上市,半導體,2026-09-30,125.5,2.87,124.7,120.45,63.45,66.24,1.95,0.96,4042575,0.99,5.07,144.5,111.5,13.15,1.36,0,0,0,0,23,可觀察,112
2028,威致鋼鐵工業股份有限公司,上市,鋼鐵工業,2026-09-30,17.15,3.31,16.37,16.0,77.11,64.86,0.21,0.07,453059,4.25,0.08,17.15,15.6,-0.0,0.0,0,0,0,0,22,可觀察,113
2444,兆勁科技股份有限公司,上市,通信網路,2026-09-30,15.9,5.65,15.05,13.08,85.69,80.24,1.05,0.63,3236378,2.26,0.51,15.9,10.8,-0.0,0.0,0,0,0,0,22,可觀察,114
2401,凌陽科技股份有限公司,上市,半導體,2026-09-30,26.75,2.69,25.96,25.55,79.04,68.49,-0.01,-0.29,4144082,1.9,1.11,33.0,23.75,18.94,2.08,0,0,0,0,22,可觀察,115
3062,建漢科技股份有限公司,上市,通信網路,2026-09-30,22.9,4.09,22.28,21.48,73.85,69.0,0.4,0.18,3196904,1.8,0.73,24.2,20.25,5.37,0.49,0,0,0,0,22,可觀察,116
4540,全球傳動科技股份有限公司,上市,電機機械,2026-09-30,62.1,-0.8,60.84,59.58,76.78,68.73,0.9,0.62,4228379,1.75,2.63,62.6,56.3,0.8,0.09,0,0,0,0,22,可觀察,117
2329,華泰電子股份有限公司,上市,半導體,2026-09-30,44.8,2.28,44.13,43.52,75.31,68.92,0.09,-0.23,3773157,1.71,1.69,52.1,41.45,14.01,2.18,0,0,0,0,22,可觀察,118
3015,全漢企業股份有限公司,上市,電子零組件,2026-09-30,55.2,2.79,53.72,53.07,75.62,62.33,-0.12,-0.58,528489,1.62,0.29,67.4,50.6,18.1,2.65,0,0,0,0,22,可觀察,119
3607,谷崧精密工業股份有限公司,上市,電子零組件,2026-09-30,14.0,2.19,13.82,13.8,68.02,56.89,-0.08,-0.14,220284,1.52,0.03,16.2,13.5,13.58,4.4,0,0,0,0,22,可觀察,120
2426,鼎元光電科技股份有限公司,上市,光電,2026-09-30,104.0,4.21,99.46,96.35,65.28,56.41,4.48,5.19,65589516,1.44,68.21,107.5,90.8,3.26,0.27,0,0,0,0,22,可觀察,121
3653,健策精密工業股份有限公司,上市,電子零組件,2026-09-30,6800.0,-1.38,6571.0,5929.36,82.24,73.56,411.88,319.49,1231800,1.05,83.76,6920.0,5240.0,1.73,0.08,0,0,0,0,22,可觀察,122
6269,台郡科技股份有限公司,上市,電子零組件,2026-09-30,66.0,1.69,64.86,65.47,51.24,35.91,-0.18,0.04,4584924,0.82,3.03,75.2,63.3,12.23,3.41,0,0,0,0,22,可觀察,123
2376,技嘉科技股份有限公司,上市,AI,2026-09-30,358.5,-0.97,362.7,356.94,57.08,56.69,3.01,2.47,4236343,0.8,15.19,397.5,343.0,9.81,2.52,0,0,0,0,22,可觀察,124
2313,華通電腦股份有限公司,上市,電子零組件,2026-09-30,226.5,0.22,224.2,225.31,48.58,42.4,0.11,0.86,12938226,0.55,29.31,252.0,218.5,10.12,3.19,0,0,0,0,22,可觀察,125
7711,永擎電子股份有限公司,上市,電腦及週邊,2026-09-30,560.0,2.56,545.6,538.44,70.49,62.43,17.87,24.43,795508,0.55,4.45,660.0,468.0,15.15,1.09,0,0,0,0,22,可觀察,126
3231,緯創資通股份有限公司,上市,AI,2026-09-30,184.5,-0.54,183.0,184.21,45.03,38.21,0.67,1.21,20353028,0.4,37.55,198.0,180.0,6.82,3.0,0,0,0,0,22,可觀察,127
2305,全友電腦股份有限公司,上市,電腦及週邊,2026-09-30,68.7,-0.58,64.86,50.91,92.06,93.11,9.49,7.14,6384627,0.36,4.39,69.1,29.55,0.58,0.01,0,0,0,0,22,可觀察,128
1727,臺灣中華化學工業股份有限公司,上市,化學工業,2026-09-30,109.0,-8.02,113.1,101.63,71.96,74.7,6.79,5.17,29846171,2.78,32.53,118.5,88.2,8.02,0.46,0,0,0,0,21,可觀察,129
8162,微矽電子股份有限公司,上市,半導體,2026-09-30,66.8,2.14,64.02,62.01,65.62,54.89,1.03,0.36,495502,2.2,0.33,79.6,58.8,16.08,1.6,0,0,0,0,21,可觀察,130
2402,毅嘉科技股份有限公司,上市,電子零組件,2026-09-30,58.5,2.81,55.58,55.4,70.45,54.62,-0.09,-0.48,3315155,2.03,1.94,65.9,53.4,11.23,1.45,0,0,0,0,21,可觀察,131
3041,揚智科技股份有限公司,上市,半導體,2026-09-30,24.35,3.18,23.69,23.18,71.62,60.82,0.18,0.01,1280808,2.01,0.31,26.75,21.95,8.97,1.0,0,0,0,0,21,可觀察,132
3034,聯詠科技股份有限公司,上市,半導體,2026-09-30,546.0,1.11,546.2,543.94,49.51,55.11,3.6,4.85,4488713,1.47,24.51,558.0,524.0,2.15,0.55,0,0,0,0,21,可觀察,133
6166,凌華科技股份有限公司,上市,電腦及週邊,2026-09-30,133.0,-1.48,130.7,122.48,73.11,66.94,2.09,-0.91,2564945,1.19,3.41,166.5,109.0,20.12,1.4,0,0,0,0,21,可觀察,134
2610,中華航空股份有限公司,上市,航運業,2026-09-30,20.45,1.74,20.36,20.35,60.51,56.02,-0.09,-0.13,16930670,1.08,3.46,22.6,19.9,9.51,3.91,0,0,0,0,21,可觀察,135
1714,和桐化學股份有限公司,上市,化學工業,2026-09-30,16.5,4.76,15.98,16.07,70.84,61.05,-0.11,-0.13,12641426,1.03,2.09,18.85,14.95,12.47,1.52,0,0,0,0,21,可觀察,136
1717,長興材料工業股份有限公司,上市,化學工業,2026-09-30,74.0,2.07,72.0,72.19,73.56,60.75,-0.05,-0.06,11708425,1.02,8.66,84.7,68.1,12.63,1.81,0,0,0,0,21,可觀察,137
2454,聯發科技股份有限公司,上市,半導體,2026-09-30,4920.0,0.2,5096.0,4697.41,57.93,62.67,256.89,237.07,8194719,1.0,403.18,5285.0,4275.0,6.91,0.57,0,0,0,0,21,可觀察,138
2324,仁寶電腦工業股份有限公司,上市,電腦及週邊,2026-09-30,37.1,2.91,36.7,37.76,19.33,14.54,-0.59,-0.37,46202137,0.94,17.14,43.2,36.05,14.12,5.81,0,0,0,0,21,可觀察,139
3044,健鼎科技股份有限公司,上市,電子零組件,2026-09-30,525.0,0.77,533.2,509.79,70.58,74.32,16.5,16.3,2373717,0.89,12.46,543.0,484.0,3.31,0.44,0,0,0,0,21,可觀察,140
2449,京元電子股份有限公司,上市,半導體,2026-09-30,294.5,0.0,304.2,281.36,60.69,64.31,11.97,9.29,23955734,0.88,70.55,317.0,257.0,7.1,0.6,0,0,0,0,21,可觀察,141
6515,穎崴科技股份有限公司,上市,半導體,2026-09-30,5930.0,4.49,5843.0,6278.54,23.73,19.01,-245.38,-160.83,477125,0.79,28.29,8025.0,5675.0,26.11,8.22,0,0,0,0,21,可觀察,142
6209,今國光學工業股份有限公司,上市,光電,2026-09-30,81.7,0.25,79.64,78.6,58.24,47.37,1.4,1.37,7123122,0.67,5.82,84.3,75.6,3.08,0.43,0,0,0,0,21,可觀察,143
2303,聯華電子股份有限公司,上市,半導體,2026-09-30,154.5,0.65,156.4,145.77,61.0,69.02,7.38,6.48,102085181,0.57,157.72,166.0,125.0,6.93,0.39,0,0,0,0,21,可觀察,144
3443,創意電子股份有限公司,上市,半導體,2026-09-30,8040.0,1.45,8250.0,6989.94,84.73,85.34,734.09,591.07,666648,0.4,53.6,8525.0,5800.0,5.69,0.22,0,0,0,0,21,可觀察,145
3673,"TPK Holding Co., Ltd.",上市,光電,2026-09-30,75.5,9.9,68.04,65.94,83.62,71.39,1.17,0.2,36627110,6.71,27.65,78.1,61.5,3.33,0.19,0,0,0,0,20,可觀察,146
6691,洋基工程股份有限公司,上市,其他電子,2026-09-30,719.0,9.94,664.2,640.34,86.47,76.84,12.02,2.7,2569447,4.17,18.47,719.0,603.0,0.0,0.0,0,0,0,0,20,可觀察,147
2349,錸德科技股份有限公司,上市,光電,2026-09-30,10.7,2.88,10.43,10.55,59.88,46.92,-0.17,-0.21,5427446,3.4,0.58,12.9,10.1,17.05,3.67,0,0,0,0,20,可觀察,148
3021,鴻名企業股份有限公司,上市,電子零組件,2026-09-30,28.45,-3.89,26.96,25.2,72.7,71.27,1.55,1.18,3333044,3.03,0.95,29.6,20.1,3.89,0.14,0,0,0,0,20,可觀察,149
2038,海光企業股份有限公司,上市,鋼鐵工業,2026-09-30,13.2,4.35,12.52,12.42,68.44,54.21,-0.02,-0.13,746552,2.89,0.1,13.3,11.75,0.75,0.07,0,0,0,0,20,可觀察,150
2010,春源鋼鐵工業股份有限公司,上市,鋼鐵工業,2026-09-30,23.0,2.45,22.35,22.25,74.65,58.62,0.01,-0.07,2628407,2.88,0.6,23.4,21.55,1.71,0.28,0,0,0,0,20,可觀察,151
2258,鴻華先進科技股份有限公司,上市,汽車工業,2026-09-30,32.0,3.39,30.99,31.04,67.28,55.75,-0.03,-0.12,865828,2.13,0.28,32.6,30.05,1.84,0.31,0,0,0,0,20,可觀察,152
1773,勝一化工股份有限公司,上市,化學工業,2026-09-30,167.5,0.0,165.3,162.81,72.41,65.92,1.21,0.45,1291271,1.78,2.16,184.5,156.5,9.21,1.55,0,0,0,0,20,可觀察,153
4912,聯德控股股份有限公司,上市,電子零組件,2026-09-30,100.0,3.31,97.88,95.75,81.38,73.68,1.32,1.05,998977,1.61,1.0,103.0,87.7,2.91,0.24,0,0,0,0,20,可觀察,154
2367,燿華電子股份有限公司,上市,電子零組件,2026-09-30,43.55,3.08,42.23,41.98,76.94,61.21,-0.33,-0.66,4579382,1.49,1.99,52.4,39.55,16.89,2.21,0,0,0,0,20,可觀察,155
2457,飛宏科技股份有限公司,上市,電子零組件,2026-09-30,22.55,3.68,22.12,22.29,70.08,58.74,-0.3,-0.39,1573593,1.37,0.35,28.65,21.05,21.29,4.07,0,0,0,0,20,可觀察,156
1582,信錦企業股份有限公司,上市,電子零組件,2026-09-30,71.9,2.57,70.6,71.4,64.81,52.59,-0.84,-0.94,409132,1.36,0.29,80.3,69.1,10.46,3.0,0,0,0,0,20,可觀察,157
2420,新巨企業股份有限公司,上市,電子零組件,2026-09-30,55.0,2.04,54.04,54.26,68.75,55.02,-0.45,-0.65,290384,1.29,0.16,60.8,53.3,9.54,3.41,0,0,0,0,20,可觀察,158
4961,天鈺科技股份有限公司,上市,半導體,2026-09-30,181.0,-1.9,181.0,176.69,61.43,69.07,4.18,3.91,1361055,1.27,2.46,184.5,165.5,1.9,0.23,0,0,0,0,20,可觀察,159
2352,佳世達科技股份有限公司,上市,電腦及週邊,2026-09-30,29.65,2.24,29.21,29.02,62.86,59.15,0.12,0.04,5724414,1.27,1.7,34.45,28.3,13.93,3.56,0,0,0,0,20,可觀察,160
6573,虹揚發展科技股份有限公司,上市,半導體,2026-09-30,16.45,3.46,16.11,16.42,37.79,36.04,-0.33,-0.4,186907,1.14,0.03,27.95,15.55,41.14,12.78,0,0,0,0,20,可觀察,161
2331,精英電腦股份有限公司,上市,電腦及週邊,2026-09-30,19.2,2.67,18.99,19.09,45.64,44.4,-0.15,-0.18,1095408,1.11,0.21,20.9,18.5,8.13,2.43,0,0,0,0,20,可觀察,162
6854,PlayNitride Inc.,上市,半導體,2026-09-30,93.3,2.53,92.4,92.0,50.53,48.25,-0.66,-1.17,228805,0.99,0.21,118.5,87.4,21.27,4.27,0,0,0,0,20,可觀察,163
6108,競國實業股份有限公司,上市,電子零組件,2026-09-30,25.05,2.66,24.29,23.55,76.82,68.16,0.68,0.63,1903122,0.98,0.48,26.0,22.15,3.65,0.33,0,0,0,0,20,可觀察,164
2460,建通精密工業股份有限公司,上市,電子零組件,2026-09-30,30.55,2.35,30.33,29.79,58.25,49.44,0.14,-0.04,291056,0.92,0.09,36.9,28.1,17.21,2.59,0,0,0,0,20,可觀察,165
2412,中華電信股份有限公司,上市,通信網路,2026-09-30,143.5,-0.35,144.6,142.21,64.2,80.45,1.9,1.78,10603513,0.91,15.22,145.5,136.0,1.37,0.27,0,0,0,0,20,可觀察,166
6409,旭隼科技股份有限公司,上市,其他電子,2026-09-30,907.0,3.42,886.8,914.58,45.11,38.13,-27.61,-29.23,261742,0.83,2.37,1185.0,861.0,23.46,6.04,0,0,0,0,20,可觀察,167
2332,友訊科技股份有限公司,上市,通信網路,2026-09-30,20.6,2.49,20.28,19.95,66.41,62.2,-0.06,-0.28,8078397,0.82,1.66,25.95,18.65,20.62,2.74,0,0,0,0,20,可觀察,168
2379,瑞昱半導體股份有限公司,上市,半導體,2026-09-30,760.0,0.0,757.0,734.6,64.51,66.53,8.02,2.03,2066636,0.74,15.71,840.0,692.0,9.52,1.18,0,0,0,0,20,可觀察,169
6909,創控科技股份有限公司,上市,半導體,2026-09-30,42.85,2.15,41.93,41.6,51.36,48.93,0.19,-0.01,242662,0.72,0.1,54.1,39.6,20.79,3.46,0,0,0,0,20,可觀察,170
3694,海華科技股份有限公司,上市,通信網路,2026-09-30,51.5,2.18,50.58,50.62,70.47,61.13,-0.54,-0.93,364720,0.69,0.19,67.9,48.5,24.15,5.47,0,0,0,0,20,可觀察,171
2419,仲琦科技股份有限公司,上市,通信網路,2026-09-30,29.7,2.41,29.12,27.84,66.14,64.2,0.97,0.81,1509118,0.56,0.45,30.65,25.4,3.1,0.22,0,0,0,0,20,可觀察,172
2424,隴華電子股份有限公司,上市,通信網路,2026-09-30,8.3,2.22,8.19,8.16,46.97,43.78,-0.05,-0.1,21000,0.55,0.0,10.5,7.88,20.95,5.24,0,0,0,0,20,可觀察,173
3011,今皓實業股份有限公司,上市,電子零組件,2026-09-30,10.15,2.53,9.99,10.09,79.72,71.63,-0.23,-0.32,270226,0.53,0.03,13.4,9.38,24.25,4.22,0,0,0,0,20,可觀察,174
3149,正達國際光電股份有限公司,上市,光電,2026-09-30,74.0,9.96,66.38,64.63,77.43,65.03,0.4,-0.94,18795224,3.19,13.91,87.81,59.4,15.73,0.95,0,0,0,0,19,普通,175
3481,群創光電股份有限公司,上市,光電,2026-09-30,54.7,9.95,50.82,49.58,70.49,58.79,0.57,0.04,485833502,2.39,265.75,65.3,46.8,16.23,1.34,0,0,0,0,19,普通,176
6153,嘉聯益科技股份有限公司,上市,電子零組件,2026-09-30,18.2,3.12,17.44,17.34,64.89,45.98,0.11,0.05,3911414,1.63,0.71,20.05,16.9,9.23,1.42,0,0,0,0,19,普通,177
2347,聯強國際股份有限公司,上市,電子通路,2026-09-30,94.9,0.42,93.66,90.82,68.49,74.44,1.46,0.73,3250788,1.08,3.08,97.1,86.0,2.27,0.25,0,0,0,0,19,普通,178
1326,台灣化學纖維股份有限公司,上市,塑膠工業,2026-09-30,69.7,3.26,67.22,67.25,49.94,37.15,0.98,1.32,32879943,0.94,22.92,74.3,65.4,6.19,1.07,0,0,0,0,19,普通,179
3338,泰碩電子股份有限公司,上市,電子零組件,2026-09-30,68.0,0.15,67.46,66.42,73.39,62.13,0.87,0.74,394407,0.87,0.27,69.5,63.1,2.16,0.31,0,0,0,0,19,普通,180
9904,寶成工業股份有限公司,上市,運動休閒,2026-09-30,24.95,0.6,24.84,24.67,81.61,76.46,0.08,0.03,8181909,0.86,2.04,25.25,24.05,1.19,0.33,0,0,0,0,19,普通,181
1402,遠東新世紀股份有限公司,上市,紡織纖維,2026-09-30,28.25,1.8,27.98,28.16,62.68,48.09,-0.08,-0.03,7100812,0.86,2.01,30.35,27.4,6.92,2.47,0,0,0,0,19,普通,182
6136,富爾特科技股份有限公司,上市,通信網路,2026-09-30,25.05,0.4,24.91,24.81,79.55,76.1,0.04,0.01,153559,0.85,0.04,25.4,24.05,1.38,0.35,0,0,0,0,19,普通,183
2363,矽統科技股份有限公司,上市,半導體,2026-09-30,59.1,-0.17,59.3,55.28,68.9,65.54,1.71,0.81,6994967,0.81,4.13,67.0,50.1,11.79,0.88,0,0,0,0,19,普通,184
1409,新光合成纖維股份有限公司,上市,紡織纖維,2026-09-30,24.9,2.26,24.35,24.49,47.4,32.37,-0.01,0.01,14176693,0.71,3.53,31.7,23.9,21.45,6.8,0,0,0,0,19,普通,185
2481,強茂股份有限公司,上市,半導體,2026-09-30,172.0,-1.99,173.2,162.78,74.93,74.88,7.02,5.74,28372080,0.68,48.8,216.0,148.0,20.37,1.83,0,0,0,0,19,普通,186
2357,華碩電腦股份有限公司,上市,電腦及週邊,2026-09-30,961.0,-0.21,957.6,951.68,72.41,64.13,12.1,17.31,1984664,0.65,19.07,1025.0,924.0,6.24,1.73,0,0,0,0,19,普通,187
8103,瀚荃股份有限公司,上市,電子零組件,2026-09-30,121.5,3.85,121.5,117.82,49.99,57.67,5.73,7.01,3887856,0.65,4.72,132.0,110.0,7.95,0.91,0,0,0,0,19,普通,188
1560,中國砂輪企業股份有限公司,上市,電機機械,2026-09-30,963.0,0.73,959.0,840.17,88.6,87.64,69.45,49.97,1306286,0.62,12.58,971.0,695.0,0.82,0.03,0,0,0,0,19,普通,189
1312,國喬石油化學股份有限公司,上市,塑膠工業,2026-09-30,15.0,3.81,14.67,14.41,53.78,47.78,0.38,0.44,15567530,0.6,2.34,15.65,13.9,4.15,0.59,0,0,0,0,19,普通,190
3006,晶豪科技股份有限公司,上市,半導體,2026-09-30,286.0,0.35,279.7,279.87,51.41,42.5,4.76,6.84,8246208,0.53,23.58,312.0,264.0,8.33,1.18,0,0,0,0,19,普通,191
6168,宏齊科技股份有限公司,上市,光電,2026-09-30,45.25,0.11,43.93,36.35,90.61,88.8,4.68,3.4,6359092,0.47,2.88,45.25,27.6,0.0,0.0,0,0,0,0,19,普通,192
2032,新鋼工業股份有限公司,上市,鋼鐵工業,2026-09-30,20.3,2.01,18.75,17.72,82.25,76.13,0.57,0.23,8278361,5.58,1.68,20.3,16.6,-0.0,0.0,0,0,0,0,18,普通,193
3311,閎暉實業股份有限公司,上市,通信網路,2026-09-30,41.05,7.6,38.14,36.12,80.09,77.6,1.65,1.16,4645763,4.54,1.91,41.05,31.55,-0.0,0.0,0,0,0,0,18,普通,194
2014,中鴻鋼鐵股份有限公司,上市,鋼鐵工業,2026-09-30,17.4,3.57,16.87,16.83,76.04,59.85,-0.05,-0.12,6277643,2.97,1.09,17.95,16.25,3.06,0.48,0,0,0,0,18,普通,195
2323,中環股份有限公司,上市,光電,2026-09-30,11.0,2.8,10.83,10.75,68.91,63.28,0.03,0.01,14024824,2.95,1.54,11.7,10.4,5.98,1.17,0,0,0,0,18,普通,196
3038,全台晶像股份有限公司,上市,光電,2026-09-30,20.8,2.46,20.39,20.3,58.69,53.05,-0.01,-0.09,540664,2.77,0.11,22.25,20.0,6.52,1.81,0,0,0,0,18,普通,197
6921,嘉雨思科技股份有限公司,上市,半導體,2026-09-30,68.0,1.49,66.36,64.88,68.74,60.28,0.29,-0.35,51043,2.71,0.03,75.3,59.7,9.69,0.88,0,0,0,0,18,普通,198
3308,聯德電子股份有限公司,上市,電子零組件,2026-09-30,22.35,0.68,21.87,21.72,51.86,51.24,0.26,0.28,154772,2.52,0.03,22.95,21.5,2.61,0.71,0,0,0,0,18,普通,199
1732,毛寶股份有限公司,上市,化學工業,2026-09-30,26.15,0.77,26.12,26.11,69.96,66.62,-0.07,-0.09,179590,2.48,0.05,28.0,25.85,6.61,6.17,0,0,0,0,18,普通,200
7631,聚賢研發股份有限公司,上市,其他電子,2026-09-30,140.5,2.18,138.6,139.66,55.23,48.08,-1.02,-1.06,125692,2.24,0.18,154.5,134.0,9.06,2.15,0,0,0,0,18,普通,201
8104,錸寶科技股份有限公司,上市,光電,2026-09-30,32.1,2.23,31.23,30.83,79.86,68.15,-0.02,-0.32,654892,2.21,0.21,41.75,28.9,23.11,3.02,0,0,0,0,18,普通,202
1310,台灣苯乙烯工業股份有限公司,上市,塑膠工業,2026-09-30,9.25,3.93,8.92,8.76,69.35,57.39,0.11,0.07,6422996,2.19,0.59,11.1,8.45,16.67,2.31,0,0,0,0,18,普通,203
6477,安集科技股份有限公司,上市,光電,2026-09-30,35.6,4.4,34.48,34.85,31.77,29.03,-0.32,-0.45,2293310,2.15,0.82,42.35,33.5,15.94,3.21,0,0,0,0,18,普通,204
1444,力麗企業股份有限公司,上市,紡織纖維,2026-09-30,7.12,2.59,6.93,6.97,66.4,54.22,-0.08,-0.12,3199862,2.13,0.23,8.93,6.66,20.27,3.93,0,0,0,0,18,普通,205
7799,禾榮科技股份有限公司,上市,生技醫療,2026-09-30,539.0,9.89,513.3,459.17,75.39,77.77,38.96,30.98,2151647,2.12,11.6,539.0,352.0,0.0,0.0,0,0,0,0,18,普通,206
1447,力鵬企業股份有限公司,上市,紡織纖維,2026-09-30,6.77,4.15,6.5,6.6,50.62,41.05,-0.11,-0.14,2188800,2.09,0.15,9.0,6.31,24.78,4.85,0,0,0,0,18,普通,207
2017,官田鋼鐵股份有限公司,上市,鋼鐵工業,2026-09-30,9.13,2.35,8.99,8.94,67.92,58.6,-0.0,-0.03,970856,2.09,0.09,9.45,8.62,3.39,0.63,0,0,0,0,18,普通,208
2345,智邦科技股份有限公司,上市,通信網路,2026-09-30,1775.0,-1.93,1857.0,1922.15,24.54,30.34,-81.78,-80.02,7111525,2.03,126.23,2470.0,1775.0,28.14,0.0,0,0,0,0,18,普通,209
1603,中華電線電纜股份有限公司,上市,電器電纜,2026-09-30,30.6,1.83,30.25,30.25,73.65,64.43,-0.01,-0.02,255241,2.02,0.08,32.35,29.85,5.41,2.33,0,0,0,0,18,普通,210
1423,利華羊毛工業股份有限公司,上市,紡織纖維,2026-09-30,36.0,4.8,34.98,35.18,46.62,42.77,-0.17,-0.21,19011,1.99,0.01,37.1,34.35,2.96,0.67,0,0,0,0,18,普通,211
8215,明基材料股份有限公司,上市,光電,2026-09-30,29.65,5.89,28.35,26.9,64.96,61.79,0.97,0.66,4602059,1.89,1.36,30.05,24.5,1.33,0.08,0,0,0,0,18,普通,212
9105,泰金寶科技股份有限公司,上市,91,2026-09-30,8.53,-1.5,8.46,8.48,42.54,32.43,-0.0,-0.0,26397628,1.51,2.25,8.96,8.33,4.8,2.15,0,0,0,0,18,普通,213
3014,聯陽半導體股份有限公司,上市,散熱,2026-09-30,141.5,-1.39,141.5,136.1,80.73,79.38,2.62,1.41,1814211,1.19,2.57,153.5,130.0,7.82,1.04,0,0,0,0,18,普通,214
3030,德律科技股份有限公司,上市,其他電子,2026-09-30,279.0,1.09,271.5,273.38,68.71,55.7,-4.27,-6.21,975255,1.05,2.72,310.0,258.5,10.0,1.51,0,0,0,0,18,普通,215
6781,"AES Holding Co., Ltd.",上市,電子零組件,2026-09-30,1020.0,0.99,1013.0,1029.89,56.72,43.88,-17.54,-17.2,307608,0.96,3.14,1195.0,982.0,14.64,4.61,0,0,0,0,18,普通,216
2317,鴻海精密工業股份有限公司,上市,其他電子,2026-09-30,251.5,0.4,252.3,251.05,54.95,57.61,0.13,-0.04,26850664,0.91,67.53,270.0,246.5,6.85,3.7,0,0,0,0,18,普通,217
3605,宏致電子股份有限公司,上市,電子零組件,2026-09-30,170.5,-6.58,177.6,149.67,81.89,84.47,16.82,13.06,17787723,0.88,30.33,183.5,114.5,7.08,0.23,0,0,0,0,18,普通,218
5269,祥碩科技股份有限公司,上市,半導體,2026-09-30,1460.0,-1.02,1474.0,1445.95,78.13,78.45,15.06,9.63,319537,0.7,4.67,1525.0,1315.0,4.26,0.45,0,0,0,0,18,普通,219
2353,宏碁股份有限公司,上市,電腦及週邊,2026-09-30,31.65,0.8,31.55,31.58,39.72,43.08,0.11,0.16,10076671,0.63,3.19,32.7,30.9,3.21,1.4,0,0,0,0,18,普通,220
3296,勝德國際研發股份有限公司,上市,電子零組件,2026-09-30,28.4,2.16,28.08,26.49,70.93,74.2,1.08,0.83,64326,0.54,0.02,28.5,23.65,0.35,0.02,0,0,0,0,18,普通,221
3706,神達控股股份有限公司,上市,電腦及週邊,2026-09-30,79.3,0.51,78.92,80.42,34.16,31.03,-1.04,-0.86,3947478,0.41,3.13,87.0,77.6,8.85,4.53,0,0,0,0,18,普通,222
2455,全新光電科技股份有限公司,上市,通信網路,2026-09-30,552.0,1.66,549.6,522.04,56.36,60.2,32.08,35.88,1391005,0.12,7.68,572.0,500.0,3.5,0.38,0,0,0,0,18,普通,223
1338,廣華控股有限公司,上市,汽車工業,2026-09-30,15.6,5.76,14.93,14.67,74.03,69.52,0.04,-0.1,392015,4.18,0.06,17.45,14.15,10.6,1.28,0,0,0,0,17,普通,224
1470,大統新創股份有限公司,上市,紡織纖維,2026-09-30,24.15,2.99,23.95,24.0,36.7,36.57,0.07,0.14,60030,3.8,0.01,24.85,23.45,2.82,1.0,0,0,0,0,17,普通,225
2030,彰源企業股份有限公司,上市,鋼鐵工業,2026-09-30,36.7,9.88,31.08,26.42,93.88,85.92,2.79,1.63,19472756,3.26,7.15,36.7,22.2,0.0,0.0,0,0,0,0,17,普通,226
8011,台通光電股份有限公司,上市,通信網路,2026-09-30,16.1,1.9,15.95,15.88,45.59,47.88,-0.02,-0.09,893666,2.58,0.14,17.85,15.4,9.8,2.5,0,0,0,0,17,普通,227
1721,國慶科技股份有限公司,上市,化學工業,2026-09-30,26.45,1.34,25.1,23.17,78.05,62.56,1.18,0.78,3911652,2.54,1.03,26.45,20.0,0.0,0.0,0,0,0,0,17,普通,228
6695,芯鼎科技股份有限公司,上市,半導體,2026-09-30,55.0,1.66,51.88,50.01,83.84,75.2,0.86,0.04,1102281,2.5,0.61,57.6,45.6,4.51,0.28,0,0,0,0,17,普通,229
2029,盛餘股份有限公司,上市,鋼鐵工業,2026-09-30,22.45,1.35,21.72,21.47,78.29,62.37,0.09,-0.03,947881,2.49,0.21,22.45,20.6,0.0,0.0,0,0,0,0,17,普通,230
4968,立積電子股份有限公司,上市,半導體,2026-09-30,96.6,4.09,93.36,92.08,82.98,73.92,0.04,-0.82,666488,2.3,0.64,113.5,88.0,14.89,1.97,0,0,0,0,17,普通,231
7689,大鵬科技股份有限公司,上市,通信網路,2026-09-30,159.5,0.63,158.8,162.77,43.62,40.11,-5.14,-6.02,85230,2.04,0.14,260.0,153.5,38.65,16.75,0,0,0,0,17,普通,232
4764,雙鍵化工股份有限公司,上市,化學工業,2026-09-30,189.0,3.28,188.2,206.27,18.9,13.41,-13.54,-12.02,1349819,1.56,2.55,359.82,183.0,47.47,28.47,0,0,0,0,17,普通,233
2405,輔信科技股份有限公司,上市,電腦及週邊,2026-09-30,15.25,0.66,15.1,15.12,66.48,60.07,-0.13,-0.21,1247633,1.44,0.19,17.75,14.65,14.08,4.17,0,0,0,0,17,普通,234
3432,台端興業股份有限公司,上市,電子零組件,2026-09-30,14.9,0.68,14.79,14.74,45.3,44.87,-0.09,-0.2,50972,1.39,0.01,18.4,14.1,19.02,4.37,0,0,0,0,17,普通,235
6672,騰輝電子國際集團股份有限公司,上市,電子零組件,2026-09-30,369.0,9.99,330.2,306.55,88.08,76.22,18.23,13.02,8256681,1.38,30.47,369.0,263.0,0.0,0.0,0,0,0,0,17,普通,236
5236,凌陽創新科技股份有限公司,上市,半導體,2026-09-30,137.5,1.48,136.1,135.39,79.23,67.89,-1.0,-1.89,106836,1.37,0.15,162.5,130.0,15.38,3.33,0,0,0,0,17,普通,237
3588,通嘉科技股份有限公司,上市,半導體,2026-09-30,53.9,0.37,53.04,52.72,62.05,50.35,-0.17,-0.49,209851,1.36,0.11,68.4,50.6,21.2,4.39,0,0,0,0,17,普通,238
5469,瀚宇博德股份有限公司,上市,電子零組件,2026-09-30,74.0,0.54,73.18,72.93,49.71,44.68,0.13,-0.06,1287595,1.32,0.95,83.5,71.1,11.38,3.28,0,0,0,0,17,普通,239
3027,盛達電業股份有限公司,上市,通信網路,2026-09-30,18.9,2.72,18.67,18.29,58.73,51.57,0.09,-0.04,249061,1.22,0.05,21.35,17.4,11.48,1.63,0,0,0,0,17,普通,240
6962,ITH Corporation,上市,半導體,2026-09-30,32.45,1.88,31.84,31.48,77.94,65.99,-0.02,-0.21,2059478,1.19,0.67,37.95,30.4,14.49,2.68,0,0,0,0,17,普通,241
8996,高力熱處理工業股份有限公司,上市,電機機械,2026-09-30,1605.0,1.26,1583.0,1400.91,82.07,78.06,105.06,78.84,4875120,1.18,78.25,1655.0,1175.0,3.02,0.12,0,0,0,0,17,普通,242
3530,晶相光電股份有限公司,上市,半導體,2026-09-30,59.2,1.37,58.64,57.98,64.09,58.43,0.27,0.08,114577,1.16,0.07,67.1,55.6,11.77,2.19,0,0,0,0,17,普通,243
2355,敬鵬工業股份有限公司,上市,電子零組件,2026-09-30,41.8,0.48,41.64,41.73,65.41,52.77,-0.32,-0.41,1394968,1.12,0.58,51.2,40.4,18.36,6.71,0,0,0,0,17,普通,244
6117,迎廣科技股份有限公司,上市,電腦及週邊,2026-09-30,62.2,0.81,61.94,62.09,41.97,33.41,-0.63,-0.84,171113,1.12,0.11,72.4,60.7,14.09,6.8,0,0,0,0,17,普通,245
6205,詮欣股份有限公司,上市,電子零組件,2026-09-30,71.3,0.28,70.7,66.7,64.9,62.66,1.89,0.95,1501692,1.07,1.07,73.6,60.2,3.12,0.21,0,0,0,0,17,普通,246
1477,聚陽實業股份有限公司,上市,紡織纖維,2026-09-30,192.0,1.05,191.2,194.62,37.02,34.46,-3.61,-4.04,1246189,1.06,2.39,231.5,190.0,17.06,19.75,0,0,0,0,17,普通,247
6552,易華電子股份有限公司,上市,半導體,2026-09-30,25.0,0.81,24.72,24.38,79.09,72.34,-0.03,-0.24,59143,1.06,0.01,30.05,23.3,16.81,2.97,0,0,0,0,17,普通,248
6202,盛群半導體股份有限公司,上市,半導體,2026-09-30,58.6,0.34,58.4,57.36,75.58,65.21,-0.04,-0.47,1071000,1.05,0.63,73.3,53.7,20.05,3.0,0,0,0,0,17,普通,249
6191,精成科技股份有限公司,上市,電子零組件,2026-09-30,84.0,1.08,83.3,83.08,63.63,58.54,-0.36,-0.7,1184540,1.04,1.0,105.5,81.0,20.38,7.17,0,0,0,0,17,普通,250
2440,太空梭高傳真資訊科技(股)公司,上市,電子零組件,2026-09-30,14.4,1.77,14.33,14.28,72.07,66.85,-0.07,-0.14,230906,1.02,0.03,16.95,13.8,15.04,4.25,0,0,0,0,17,普通,251
8131,福懋科技股份有限公司,上市,半導體,2026-09-30,62.6,1.62,61.68,61.46,64.77,53.81,-0.42,-0.78,1894262,1.01,1.19,81.2,57.5,22.91,3.65,0,0,0,0,17,普通,252
2328,廣宇科技股份有限公司,上市,電子零組件,2026-09-30,47.55,1.17,47.13,46.54,68.78,61.71,0.33,0.2,1591453,1.0,0.76,50.1,44.9,5.09,0.96,0,0,0,0,17,普通,253
2369,菱生精密工業股份有限公司,上市,半導體,2026-09-30,32.15,1.74,31.6,31.13,59.81,53.62,-0.07,-0.4,5034578,0.93,1.62,42.7,28.85,24.71,3.2,0,0,0,0,17,普通,254
5222,全訊科技股份有限公司,上市,半導體,2026-09-30,106.5,1.91,105.9,104.95,60.8,57.45,0.03,-0.28,131791,0.93,0.14,114.55,101.0,7.03,1.46,0,0,0,0,17,普通,255
2855,統一綜合證券股份有限公司,上市,金融保險,2026-09-30,56.6,1.98,56.9,53.49,67.71,72.19,2.31,2.04,5112663,0.92,2.89,57.8,49.6,2.08,0.17,0,0,0,0,17,普通,256
6243,迅杰科技股份有限公司,上市,半導體,2026-09-30,39.5,1.28,39.35,39.19,60.82,55.82,-0.75,-1.23,399279,0.91,0.16,52.2,36.4,24.33,4.1,0,0,0,0,17,普通,257
2385,群光電子股份有限公司,上市,電子零組件,2026-09-30,104.5,0.0,104.3,105.43,40.1,42.7,-0.61,-0.44,2243270,0.83,2.34,110.5,103.5,5.43,6.0,0,0,0,0,17,普通,258
6235,華孚科技股份有限公司,上市,電腦及週邊,2026-09-30,39.1,0.64,39.08,38.65,48.16,46.7,0.03,-0.1,231469,0.82,0.09,44.2,37.55,11.54,3.29,0,0,0,0,17,普通,259
2314,台揚科技股份有限公司,上市,通信網路,2026-09-30,11.2,1.36,11.08,11.12,53.99,50.53,-0.15,-0.22,84671,0.79,0.01,13.85,10.5,19.13,3.79,0,0,0,0,17,普通,260
2495,普安科技股份有限公司,上市,電腦及週邊,2026-09-30,39.05,0.26,38.87,38.17,65.21,61.12,0.15,-0.15,973702,0.77,0.38,52.5,36.05,25.62,4.48,0,0,0,0,17,普通,261
4952,凌通科技股份有限公司,上市,半導體,2026-09-30,49.4,0.41,49.09,48.95,72.91,61.31,-0.36,-0.58,152268,0.71,0.08,57.8,46.15,14.53,2.58,0,0,0,0,17,普通,262
3026,禾伸堂企業股份有限公司,上市,電子零組件,2026-09-30,791.0,-0.63,789.0,756.24,54.57,55.5,30.01,28.77,6294947,0.68,49.79,1005.0,638.0,21.29,1.4,0,0,0,0,17,普通,263
2327,國巨股份有限公司,上市,AI,2026-09-30,548.0,0.0,564.0,559.43,43.99,49.1,-8.38,-12.56,23120380,0.67,126.7,905.0,511.0,39.45,9.65,0,0,0,0,17,普通,264
6415,矽力杰股份有限公司,上市,半導體,2026-09-30,409.0,0.0,419.9,422.67,35.23,52.3,-6.91,-8.15,1823562,0.67,7.46,560.0,401.0,26.96,18.88,0,0,0,0,17,普通,265
3257,虹冠電子工業股份有限公司,上市,半導體,2026-09-30,49.6,0.61,49.1,48.83,78.32,69.47,-0.38,-0.76,120266,0.65,0.06,65.9,46.5,24.73,5.26,0,0,0,0,17,普通,266
6525,捷敏股份有限公司,上市,半導體,2026-09-30,135.5,1.5,133.7,133.66,71.08,66.0,-1.64,-2.65,475058,0.59,0.64,221.0,124.5,38.69,7.77,0,0,0,0,17,普通,267
2397,友通資訊股份有限公司,上市,電腦及週邊,2026-09-30,63.0,0.0,62.56,61.66,73.81,64.48,0.18,-0.13,104527,0.53,0.07,68.0,59.0,7.35,1.25,0,0,0,0,17,普通,268
2472,立隆電子工業股份有限公司,上市,電子零組件,2026-09-30,213.5,0.23,215.8,217.57,46.34,46.42,-5.84,-7.79,1048425,0.47,2.24,376.0,207.0,43.22,25.0,0,0,0,0,17,普通,269
2432,倚天酷碁股份有限公司,上市,電腦及週邊,2026-09-30,27.65,0.0,27.42,27.47,72.69,54.28,-0.08,-0.13,3000,0.14,0.0,28.8,26.9,3.99,1.53,0,0,0,0,17,普通,270
1459,聯發紡織纖維股份有限公司,上市,紡織纖維,2026-09-30,16.7,4.37,16.05,15.66,85.85,75.31,0.31,0.24,354496,2.6,0.06,16.7,15.25,0.0,0.0,0,0,0,0,16,普通,271
2527,宏璟建設股份有限公司,上市,建材營造,2026-09-30,50.0,3.41,48.57,45.88,84.61,78.12,1.29,0.65,1602417,2.52,0.8,50.5,42.5,0.99,0.07,0,0,0,0,16,普通,272
1307,三芳化學工業股份有限公司,上市,塑膠工業,2026-09-30,31.5,2.11,30.87,30.75,73.98,64.14,-0.01,-0.13,826427,1.98,0.26,33.0,30.15,4.55,1.11,0,0,0,0,16,普通,273
5243,乙盛精密工業股份有限公司,上市,光電,2026-09-30,91.5,3.16,89.06,89.43,61.18,50.76,-0.18,-0.29,1597646,1.86,1.46,99.0,85.3,7.58,1.21,0,0,0,0,16,普通,274
2231,為升電裝工業股份有限公司,上市,汽車工業,2026-09-30,94.7,2.93,92.18,91.9,63.56,53.14,-0.59,-1.28,239318,1.76,0.23,126.5,89.0,25.14,5.58,0,0,0,0,16,普通,275
1709,和益化學工業股份有限公司,上市,化學工業,2026-09-30,48.4,10.0,46.03,40.17,75.66,76.08,3.83,3.14,46857436,1.66,22.68,48.4,33.45,0.0,0.0,0,0,0,0,16,普通,276
1587,吉茂精密股份有限公司,上市,汽車工業,2026-09-30,24.45,2.52,23.8,23.86,68.84,55.39,-0.12,-0.22,184050,1.64,0.05,27.8,23.25,12.05,2.79,0,0,0,0,16,普通,277
6579,研揚科技股份有限公司,上市,電腦及週邊,2026-09-30,159.0,0.95,154.6,152.26,77.28,74.02,0.7,-0.68,457958,1.63,0.73,183.5,142.5,13.35,1.48,0,0,0,0,16,普通,278
1810,和成欣業股份有限公司,上市,玻璃陶瓷,2026-09-30,24.45,3.16,23.96,24.13,57.7,44.93,-0.26,-0.35,2598731,1.6,0.64,34.15,23.45,28.4,9.7,0,0,0,0,16,普通,279
6944,兆聯實業股份有限公司,上市,綠能環保,2026-09-30,775.0,-0.13,752.8,726.54,80.63,72.09,8.05,-2.44,485944,1.52,3.77,829.0,685.0,6.51,0.6,0,0,0,0,16,普通,280
1802,台灣玻璃工業股份有限公司,上市,玻璃陶瓷,2026-09-30,59.9,3.99,58.46,58.6,47.41,42.87,0.15,0.22,23628997,1.17,14.15,66.0,56.0,9.24,1.56,0,0,0,0,16,普通,281
6165,浪凡網路科技股份有限公司,上市,數位雲端,2026-09-30,50.0,2.35,49.08,48.82,52.2,49.62,0.18,0.03,339598,1.16,0.17,51.2,47.0,2.34,0.4,0,0,0,0,16,普通,282
4770,上品綜合工業股份有限公司,上市,化學工業,2026-09-30,282.0,-1.57,275.0,248.82,83.76,78.62,15.53,10.17,1402888,1.15,3.96,286.5,216.0,1.57,0.07,0,0,0,0,16,普通,283
2516,新亞建設開發股份有限公司,上市,建材營造,2026-09-30,15.35,3.02,15.07,14.67,67.56,67.53,0.27,0.2,173110,0.91,0.03,15.45,13.95,0.65,0.07,0,0,0,0,16,普通,284
4989,李長榮科技股份有限公司,上市,電子零組件,2026-09-30,61.0,2.52,60.1,61.19,43.26,37.32,-1.36,-1.63,2277784,0.87,1.39,99.9,58.3,38.94,14.41,0,0,0,0,16,普通,285
2380,虹光精密工業股份有限公司,上市,電腦及週邊,2026-09-30,17.0,2.72,16.71,17.3,38.35,32.62,-0.6,-0.64,83790,0.87,0.01,20.8,16.5,18.27,7.6,0,0,0,0,16,普通,286
6885,全福生物科技股份有限公司,上市,生技醫療,2026-09-30,32.0,3.23,30.82,28.11,76.23,75.0,2.35,2.07,1020657,0.85,0.33,32.0,23.25,0.0,0.0,0,0,0,0,16,普通,287
2383,台光電子材料股份有限公司,上市,電子零組件,2026-09-30,4935.0,0.3,4957.0,5131.9,42.13,35.39,-140.23,-115.89,1543948,0.84,76.19,6350.0,4695.0,22.28,5.9,0,0,0,0,16,普通,288
3167,大量科技股份有限公司,上市,電機機械,2026-09-30,887.0,-1.77,898.6,839.3,62.24,58.86,39.83,36.25,4129860,0.81,36.63,949.0,730.0,6.53,0.39,0,0,0,0,16,普通,289
1752,南光化學製藥股份有限公司,上市,生技醫療,2026-09-30,31.5,0.48,31.39,31.45,55.15,43.84,-0.1,-0.12,27576,0.81,0.01,32.1,31.2,1.87,2.0,0,0,0,0,16,普通,290
5258,虹堡科技股份有限公司,上市,電腦及週邊,2026-09-30,42.4,2.91,41.69,43.49,26.79,22.85,-1.68,-1.76,211866,0.75,0.09,54.6,41.05,22.34,9.04,0,0,0,0,16,普通,291
2027,大成不銹鋼工業股份有限公司,上市,鋼鐵工業,2026-09-30,47.45,0.64,47.06,47.42,60.12,52.25,-0.18,-0.08,9138804,0.74,4.34,51.0,45.0,6.96,1.45,0,0,0,0,16,普通,292
6216,居易科技股份有限公司,上市,通信網路,2026-09-30,19.95,2.31,19.65,19.99,45.31,36.38,-0.46,-0.55,94737,0.74,0.02,23.15,19.3,13.82,4.92,0,0,0,0,16,普通,293
3150,鈺寶科技股份有限公司,上市,半導體,2026-09-30,15.65,3.3,15.43,15.76,46.28,32.56,-0.4,-0.43,23000,0.72,0.0,18.7,15.0,16.31,4.69,0,0,0,0,16,普通,294
2486,一詮精密工業股份有限公司,上市,光電,2026-09-30,240.0,1.27,235.3,239.33,55.56,37.42,-2.58,-1.89,3711275,0.65,8.91,288.0,228.0,16.67,4.0,0,0,0,0,16,普通,295
2103,台橡股份有限公司,上市,橡膠工業,2026-09-30,28.15,2.74,27.72,27.28,77.4,70.47,0.36,0.33,2616049,0.59,0.74,28.8,25.45,2.26,0.24,0,0,0,0,16,普通,296
3376,新日興股份有限公司,上市,電子零組件,2026-09-30,174.5,1.75,175.4,183.25,24.66,21.29,-5.76,-4.11,2518134,0.53,4.39,217.0,171.5,19.59,14.17,0,0,0,0,16,普通,297
4439,冠星集團控股有限公司,上市,紡織纖維,2026-09-30,98.4,1.97,97.46,96.59,77.03,65.08,-0.36,-0.87,37070,2.32,0.04,108.5,93.5,9.31,2.06,0,0,0,0,15,普通,298
3051,力特光電科技股份有限公司,上市,光電,2026-09-30,23.3,2.87,22.76,22.34,69.01,63.25,0.04,-0.17,1255811,2.23,0.29,26.45,20.9,11.91,1.31,0,0,0,0,15,普通,299
4934,太極能源科技股份有限公司,上市,光電,2026-09-30,14.95,5.65,14.42,14.12,64.48,56.38,0.03,-0.12,940827,2.18,0.14,17.25,13.2,13.33,1.31,0,0,0,0,15,普通,300
5007,三星科技股份有限公司,上市,鋼鐵工業,2026-09-30,56.4,1.81,55.78,55.88,58.43,46.25,-0.12,-0.14,86561,1.87,0.05,56.9,55.3,0.88,0.45,0,0,0,0,15,普通,301
4938,和碩聯合科技股份有限公司,上市,散熱,2026-09-30,89.8,-1.1,90.64,90.45,44.39,49.32,0.26,0.42,11751843,1.35,10.55,95.4,88.3,5.87,3.73,0,0,0,0,15,普通,302
2467,志聖工業股份有限公司,上市,電子零組件,2026-09-30,539.0,-0.92,532.4,545.86,42.78,30.69,-9.43,-7.22,1037600,1.1,5.59,624.0,516.0,13.62,3.7,0,0,0,0,15,普通,303
4763,濟南大自然新材料股份有限公司,上市,化學工業,2026-09-30,48.9,4.38,47.26,48.15,33.73,34.46,-0.32,-0.24,9586828,1.02,4.69,52.6,44.9,7.03,0.93,0,0,0,0,15,普通,304
7730,暉盛科技股份有限公司,上市,半導體,2026-09-30,179.5,2.87,173.7,172.42,65.16,51.35,2.04,2.18,93887,1.0,0.17,188.0,168.0,4.52,0.74,0,0,0,0,15,普通,305
1504,東元電機股份有限公司,上市,電機機械,2026-09-30,69.1,0.88,68.66,69.71,24.71,17.99,-0.42,-0.15,4851778,0.92,3.35,73.5,68.5,5.99,7.33,0,0,0,0,15,普通,306
3058,立德電子股份有限公司,上市,電子零組件,2026-09-30,8.2,0.61,8.21,8.15,60.87,59.86,-0.01,-0.04,336035,0.85,0.03,9.5,7.94,13.68,5.0,0,0,0,0,15,普通,307
6862,三集瑞科技國際集團股份有限公司,上市,電子零組件,2026-09-30,138.0,0.0,138.6,137.41,58.45,52.45,-1.08,-2.08,78776,0.62,0.11,184.0,130.0,25.0,5.75,0,0,0,0,15,普通,308
4977,眾達科技股份有限公司,上市,通信網路,2026-09-30,169.0,0.3,168.6,168.6,39.92,42.51,2.81,4.29,2197089,0.61,3.71,185.0,160.5,8.65,1.88,0,0,0,0,15,普通,309
2388,威盛電子股份有限公司,上市,半導體,2026-09-30,73.0,2.53,71.2,72.48,35.65,22.52,-1.01,-0.91,2581939,0.59,1.88,83.0,69.4,12.05,2.78,0,0,0,0,15,普通,310
3321,同泰電子科技股份有限公司,上市,電子零組件,2026-09-30,18.25,0.55,18.33,17.9,62.97,59.57,-0.03,-0.2,86827,0.5,0.02,24.8,16.8,26.41,4.52,0,0,0,0,15,普通,311
2462,台灣良得電子股份有限公司,上市,電子零組件,2026-09-30,19.95,0.5,19.99,19.75,78.28,74.94,-0.02,-0.12,84309,0.47,0.02,22.95,18.9,13.07,2.86,0,0,0,0,15,普通,312
6834,天二科技股份有限公司,上市,電子零組件,2026-09-30,109.0,-3.11,112.5,105.12,61.66,64.06,4.58,3.57,2676417,0.45,2.92,130.0,87.2,16.15,0.96,0,0,0,0,15,普通,313
6835,圓裕企業股份有限公司,上市,電子零組件,2026-09-30,31.2,0.97,31.27,31.03,68.07,66.65,-0.02,-0.11,8299,0.42,0.0,35.4,30.1,11.86,3.82,0,0,0,0,15,普通,314
6715,嘉基科技股份有限公司,上市,電子零組件,2026-09-30,442.0,-2.21,454.7,405.75,81.32,82.05,23.5,12.74,685881,0.35,3.03,492.0,307.5,10.16,0.37,0,0,0,0,15,普通,315
4195,基龍米克斯生物科技股份有限公司,上市,生技醫療,2026-09-30,16.1,1.9,14.46,14.12,65.53,46.11,0.04,-0.3,802116,4.5,0.13,18.45,12.9,12.74,0.73,0,0,0,0,14,普通,316
3518,柏騰科技股份有限公司,上市,其他電子,2026-09-30,41.1,9.89,35.44,32.22,88.14,76.2,2.07,1.13,8424834,4.07,3.46,41.1,28.95,-0.0,0.0,0,0,0,0,14,普通,317
3686,達能科技股份有限公司,上市,半導體,2026-09-30,16.3,9.76,15.27,14.79,64.59,52.79,0.2,0.01,568639,3.93,0.09,16.65,14.0,2.1,0.15,0,0,0,0,14,普通,318
6698,旭暉應用材料股份有限公司,上市,其他電子,2026-09-30,33.3,-1.77,32.37,32.15,64.73,52.25,0.03,-0.25,489140,3.35,0.16,41.3,31.1,19.37,3.64,0,0,0,0,14,普通,319
4581,World Known MFG(Cayman)Limited,上市,汽車工業,2026-09-30,48.2,1.05,48.09,48.05,62.49,67.02,-0.16,-0.27,12000,2.37,0.01,51.7,47.15,6.77,3.33,0,0,0,0,14,普通,320
6743,安普新股份有限公司,上市,其他電子,2026-09-30,31.85,2.41,30.75,29.51,84.09,82.8,0.85,0.61,552163,1.61,0.18,31.85,28.0,0.0,0.0,0,0,0,0,14,普通,321
2461,光群雷射科技股份有限公司,上市,其他電子,2026-09-30,17.85,2.59,17.59,17.74,46.09,38.8,-0.05,-0.01,749453,1.56,0.13,18.85,17.35,5.31,2.0,0,0,0,0,14,普通,322
4557,永新控股股份有限公司,上市,汽車工業,2026-09-30,50.3,0.4,49.93,50.12,49.88,41.23,-0.16,-0.19,56850,1.49,0.03,53.2,49.55,5.45,3.87,0,0,0,0,14,普通,323
6742,澤米科技股份有限公司,上市,光電,2026-09-30,56.3,3.87,54.62,50.14,78.19,74.91,2.67,1.7,1741853,1.47,0.98,59.3,44.0,5.06,0.24,0,0,0,0,14,普通,324
3059,華晶科技股份有限公司,上市,光電,2026-09-30,38.75,2.38,38.05,38.35,71.98,61.6,-0.45,-0.6,1568761,1.35,0.61,47.35,37.25,18.16,5.73,0,0,0,0,14,普通,325
1304,台灣聚合化學品股份有限公司,上市,塑膠工業,2026-09-30,12.65,2.85,12.39,12.35,52.19,44.97,0.04,0.02,3261701,1.26,0.41,14.2,12.15,10.92,3.1,0,0,0,0,14,普通,326
9924,台灣福興工業股份有限公司,上市,居家生活,2026-09-30,38.2,1.19,37.87,38.12,32.58,26.67,-0.22,-0.24,111246,1.24,0.04,40.8,37.7,6.37,5.2,0,0,0,0,14,普通,327
6283,淳安電子股份有限公司,上市,其他電子,2026-09-30,19.5,3.72,18.97,19.13,65.88,52.45,-0.34,-0.44,121355,1.18,0.02,23.4,17.9,16.67,2.44,0,0,0,0,14,普通,328
2611,志信國際股份有限公司,上市,航運業,2026-09-30,14.5,3.2,14.2,14.33,59.31,54.78,-0.1,-0.12,497657,1.16,0.07,17.2,13.85,15.7,4.15,0,0,0,0,14,普通,329
1434,福懋興業股份有限公司,上市,紡織纖維,2026-09-30,18.15,0.83,17.99,17.91,71.42,62.68,0.03,0.01,1718621,1.12,0.31,19.55,17.5,7.16,2.15,0,0,0,0,14,普通,330
1718,中國人造纖維股份有限公司,上市,化學工業,2026-09-30,10.85,2.84,10.64,10.65,51.23,47.73,-0.02,-0.04,16126653,1.11,1.75,14.95,10.4,27.42,9.11,0,0,0,0,14,普通,331
2722,夏都國際開發股份有限公司,上市,觀光餐旅,2026-09-30,21.4,0.94,21.21,21.34,40.15,25.39,-0.15,-0.18,29571,1.08,0.01,22.95,21.0,6.75,3.88,0,0,0,0,14,普通,332
1468,昶和纖維興業股份有限公司,上市,紡織纖維,2026-09-30,13.5,2.66,13.17,13.19,78.7,67.25,0.0,-0.02,79041,1.06,0.01,14.95,12.85,9.7,2.23,0,0,0,0,14,普通,333
1305,華夏海灣塑膠股份有限公司,上市,塑膠工業,2026-09-30,12.35,2.07,12.13,12.11,61.18,48.04,0.01,-0.0,1617657,1.02,0.2,13.65,11.7,9.52,2.0,0,0,0,0,14,普通,334
4169,泰宗生物科技股份有限公司,上市,生技醫療,2026-09-30,152.0,2.36,149.9,151.48,53.27,51.76,-3.47,-5.03,104867,0.99,0.16,280.5,142.5,45.81,13.53,0,0,0,0,14,普通,335
1474,弘裕企業股份有限公司,上市,紡織纖維,2026-09-30,10.05,-0.0,10.02,10.0,34.0,33.49,-0.01,-0.03,80549,0.98,0.01,10.8,9.72,6.94,2.27,0,0,0,0,14,普通,336
8482,商億全球控股有限公司,上市,居家生活,2026-09-30,49.2,4.57,47.7,48.02,54.49,40.25,-0.21,-0.26,6000,0.98,0.0,53.0,46.9,7.17,1.65,0,0,0,0,14,普通,337
1313,聯成化學科技股份有限公司,上市,塑膠工業,2026-09-30,12.3,2.07,12.17,12.04,63.26,61.82,0.12,0.11,2312982,0.95,0.28,13.2,11.75,6.82,1.64,0,0,0,0,14,普通,338
6776,展碁國際股份有限公司,上市,電子通路,2026-09-30,52.9,1.93,52.36,52.48,71.52,63.73,-0.28,-0.39,64252,0.88,0.03,55.7,51.6,5.03,2.15,0,0,0,0,14,普通,339
1102,亞洲水泥股份有限公司,上市,水泥工業,2026-09-30,35.8,1.42,35.64,35.22,68.46,70.68,0.34,0.34,6222073,0.85,2.23,36.3,34.95,1.38,0.59,0,0,0,0,14,普通,340
4927,泰鼎國際股份有限公司,上市,電子零組件,2026-09-30,44.5,1.71,43.84,42.09,69.68,61.1,1.58,1.59,3189188,0.83,1.42,44.5,40.05,0.0,0.0,0,0,0,0,14,普通,341
4935,茂林光電科技(開曼)股份有限公司,上市,光電,2026-09-30,34.2,4.75,33.2,33.1,63.54,54.83,-0.23,-0.46,91355,0.83,0.03,36.4,30.8,6.04,0.65,0,0,0,0,14,普通,342
2913,台灣農林股份有限公司,上市,貿易百貨,2026-09-30,11.15,1.36,11.08,11.05,64.98,58.42,-0.01,-0.02,881514,0.82,0.1,11.75,10.9,5.11,2.4,0,0,0,0,14,普通,343
2354,鴻準精密工業股份有限公司,上市,其他電子,2026-09-30,65.7,0.92,65.64,64.83,32.25,38.31,1.0,1.2,8514326,0.74,5.59,66.3,63.7,0.9,0.3,0,0,0,0,14,普通,344
3716,中化控股股份有限公司,上市,生技醫療,2026-09-30,34.25,1.03,33.98,34.1,60.92,49.24,-0.15,-0.18,252258,0.72,0.09,36.7,33.5,6.68,3.27,0,0,0,0,14,普通,345
6756,威鋒電子股份有限公司,上市,半導體,2026-09-30,98.7,-0.1,98.22,97.92,61.0,53.41,-0.15,-0.3,76342,0.66,0.08,103.5,93.8,4.64,0.98,0,0,0,0,14,普通,346
2538,基泰建設股份有限公司,上市,建材營造,2026-09-30,8.92,2.41,8.72,8.77,53.42,37.4,-0.1,-0.14,688280,0.65,0.06,10.05,8.46,11.24,2.46,0,0,0,0,14,普通,347
3022,威強電工業電腦股份有限公司,上市,電腦及週邊,2026-09-30,92.3,-0.75,92.12,90.53,73.59,68.52,0.24,-0.49,1112275,0.64,1.03,113.0,83.2,18.32,2.27,0,0,0,0,14,普通,348
1527,鑽全實業股份有限公司,上市,電機機械,2026-09-30,32.7,0.31,32.65,32.59,58.85,54.59,-0.06,-0.1,76400,0.63,0.02,34.2,32.2,4.39,3.0,0,0,0,0,14,普通,349
2476,鉅祥企業股份有限公司,上市,電子零組件,2026-09-30,123.5,-0.8,123.2,121.95,72.85,66.96,0.46,0.05,595138,0.57,0.73,132.0,117.0,6.44,1.31,0,0,0,0,14,普通,350
1720,生達化學製藥股份有限公司,上市,生技醫療,2026-09-30,56.3,0.36,56.14,56.19,63.29,53.32,-0.11,-0.16,92169,0.54,0.05,58.64,55.9,3.98,5.85,0,0,0,0,14,普通,351
6230,尼得科超眾科技股份有限公司,上市,電腦及週邊,2026-09-30,113.0,1.35,112.0,110.97,47.44,44.53,0.49,0.08,32193,0.48,0.04,124.0,106.0,8.87,1.57,0,0,0,0,14,普通,352
8261,富鼎先進電子股份有限公司,上市,半導體,2026-09-30,176.0,-0.28,177.1,176.11,63.82,64.45,-3.01,-4.94,1182847,0.47,2.08,348.0,162.0,49.43,12.29,0,0,0,0,14,普通,353
6645,金萬林企業股份有限公司,上市,生技醫療,2026-09-30,12.85,2.8,12.59,12.64,38.18,31.94,-0.1,-0.15,12061,0.37,0.0,15.9,12.2,19.18,4.69,0,0,0,0,14,普通,354
6451,訊芯科技控股股份有限公司,上市,半導體,2026-09-30,420.5,0.96,418.0,426.03,42.0,42.54,-5.68,-5.0,1215947,0.33,5.11,525.0,394.0,19.9,3.94,0,0,0,0,14,普通,355
8021,尖點科技股份有限公司,上市,其他電子,2026-09-30,486.0,1.25,480.2,455.32,93.26,84.84,14.62,10.57,850610,0.14,4.13,532.0,413.5,8.65,0.63,0,0,0,0,14,普通,356
9927,泰銘實業股份有限公司,上市,其他,2026-09-30,70.1,0.29,70.14,69.86,61.98,64.82,0.2,0.18,862365,6.04,0.6,70.5,69.5,0.57,0.67,0,0,0,0,13,普通,357
1439,雋揚國際股份有限公司,上市,建材營造,2026-09-30,28.9,2.66,28.32,28.68,44.37,44.47,-0.05,0.05,91000,4.24,0.03,29.65,27.7,2.53,0.63,0,0,0,0,13,普通,358
1612,宏泰電工股份有限公司,上市,電器電纜,2026-09-30,35.7,0.99,35.22,34.91,81.24,68.23,0.32,0.31,1257028,2.88,0.45,35.7,34.5,0.0,0.0,0,0,0,0,13,普通,359
5538,開曼東明控股股份有限公司,上市,鋼鐵工業,2026-09-30,36.25,2.4,35.54,35.77,54.36,38.59,-0.09,-0.03,120052,2.73,0.04,37.75,35.05,3.97,1.25,0,0,0,0,13,普通,360
2614,東森國際股份有限公司,上市,其他,2026-09-30,19.2,1.86,18.57,18.29,84.22,72.72,0.12,-0.0,1793186,2.49,0.34,19.2,17.7,0.0,0.0,0,0,0,0,13,普通,361
4142,國光生物科技股份有限公司,上市,生技醫療,2026-09-30,18.25,0.83,17.99,17.73,90.9,81.51,0.14,0.07,1459883,2.19,0.27,18.25,17.2,0.0,0.0,0,0,0,0,13,普通,362
2007,燁興企業股份有限公司,上市,鋼鐵工業,2026-09-30,7.0,1.45,6.93,6.91,76.25,66.65,-0.02,-0.05,299967,1.8,0.02,7.34,6.65,4.63,0.97,0,0,0,0,13,普通,363
1609,大亞電線電纜股份有限公司,上市,電器電纜,2026-09-30,38.75,0.65,38.21,37.81,76.28,67.19,0.28,0.2,4920786,1.74,1.91,41.95,37.0,7.63,1.83,0,0,0,0,13,普通,364
3535,晶彩科技股份有限公司,上市,光電,2026-09-30,92.0,2.45,88.5,87.75,68.91,56.07,0.07,-0.68,1507092,1.74,1.39,105.0,81.1,12.38,1.19,0,0,0,0,13,普通,365
4755,三福化工股份有限公司,上市,化學工業,2026-09-30,118.0,0.0,116.3,115.53,71.13,60.78,-0.3,-0.97,261875,1.61,0.31,137.5,111.0,14.18,2.79,0,0,0,0,13,普通,366
6183,關貿網路股份有限公司,上市,資訊服務,2026-09-30,91.8,1.44,91.18,91.56,49.88,45.28,-0.28,-0.28,33475,1.57,0.03,94.6,90.5,2.96,2.15,0,0,0,0,13,普通,367
1418,東華龍股份有限公司,上市,紡織纖維,2026-09-30,18.35,0.27,18.11,17.87,57.23,51.2,0.08,-0.03,45013,1.54,0.01,19.25,17.35,4.68,0.9,0,0,0,0,13,普通,368
2012,春雨工廠股份有限公司,上市,鋼鐵工業,2026-09-30,14.4,1.77,14.21,14.33,64.04,54.54,-0.18,-0.23,82952,1.54,0.01,16.2,13.9,11.11,3.6,0,0,0,0,13,普通,369
3380,明泰科技股份有限公司,上市,通信網路,2026-09-30,32.15,1.74,31.86,30.68,57.15,57.8,0.77,0.61,5486826,1.32,1.76,34.25,28.35,6.13,0.55,0,0,0,0,13,普通,370
6719,力智電子股份有限公司,上市,半導體,2026-09-30,186.5,1.36,185.0,186.54,51.7,47.27,-4.2,-5.73,574636,1.27,1.07,284.5,179.0,34.45,13.07,0,0,0,0,13,普通,371
2069,運錩鋼鐵股份有限公司,上市,鋼鐵工業,2026-09-30,26.7,0.75,25.88,23.91,72.29,68.61,1.46,1.22,2225003,1.26,0.59,26.7,20.4,0.0,0.0,0,0,0,0,13,普通,372
8163,達方電子股份有限公司,上市,電腦及週邊,2026-09-30,30.25,0.33,30.11,30.32,66.94,58.2,-0.4,-0.52,669446,1.22,0.2,38.45,29.05,21.33,6.83,0,0,0,0,13,普通,373
3025,星通資訊股份有限公司,上市,通信網路,2026-09-30,52.9,0.95,52.28,52.22,80.97,70.52,-0.59,-1.01,156195,1.15,0.08,61.6,50.3,14.12,3.35,0,0,0,0,13,普通,374
4104,佳醫健康事業股份有限公司,上市,生技醫療,2026-09-30,72.7,0.83,72.22,71.94,61.83,54.65,0.31,0.29,148952,1.09,0.11,72.8,70.8,0.14,0.05,0,0,0,0,13,普通,375
8249,菱光科技股份有限公司,上市,電子零組件,2026-09-30,39.5,1.15,39.34,39.45,80.54,70.86,-0.56,-0.79,218318,1.08,0.09,47.5,37.1,16.84,3.33,0,0,0,0,13,普通,376
3002,歐格電子股份有限公司,上市,電腦及週邊,2026-09-30,19.3,2.12,19.1,18.27,53.66,54.34,0.53,0.36,327819,1.03,0.06,21.05,16.65,8.31,0.66,0,0,0,0,13,普通,377
3138,耀登科技股份有限公司,上市,通信網路,2026-09-30,101.0,2.96,99.12,97.4,47.39,50.26,0.91,0.09,588148,1.02,0.59,116.0,86.5,12.93,1.03,0,0,0,0,13,普通,378
2008,高興昌鋼鐵股份有限公司,上市,鋼鐵工業,2026-09-30,31.1,1.97,30.62,30.69,25.22,15.23,-0.01,-0.02,13060,1.0,0.0,31.4,30.5,0.96,0.5,0,0,0,0,13,普通,379
2477,美隆工業股份有限公司,上市,其他電子,2026-09-30,23.15,0.22,23.08,22.33,79.02,75.74,0.45,0.33,137860,0.95,0.03,23.2,21.55,0.22,0.03,0,0,0,0,13,普通,380
3437,榮創能源科技股份有限公司,上市,光電,2026-09-30,22.45,0.22,22.01,20.24,69.05,65.54,1.12,0.76,2198014,0.91,0.49,22.45,17.5,0.0,0.0,0,0,0,0,13,普通,381
6869,雲豹能源科技股份有限公司,上市,綠能環保,2026-09-30,71.9,1.41,70.56,67.91,74.79,68.67,1.06,0.25,377151,0.89,0.27,73.0,63.5,1.51,0.13,0,0,0,0,13,普通,382
2114,鑫永銓股份有限公司,上市,橡膠工業,2026-09-30,89.9,0.22,89.84,89.38,79.0,71.61,0.28,0.24,16450,0.82,0.01,90.1,88.6,0.22,0.15,0,0,0,0,13,普通,383
7749,意騰科技股份有限公司,上市,半導體,2026-09-30,391.0,1.3,390.9,371.8,72.5,73.38,7.6,3.4,200673,0.81,0.78,410.0,339.0,4.63,0.37,0,0,0,0,13,普通,384
3669,圓展科技股份有限公司,上市,通信網路,2026-09-30,33.0,1.69,32.56,33.37,51.25,39.11,-0.96,-1.11,102848,0.8,0.03,42.55,32.0,22.44,9.55,0,0,0,0,13,普通,385
8114,振樺電子股份有限公司,上市,電腦及週邊,2026-09-30,179.0,0.0,177.3,182.44,50.5,35.61,-5.58,-6.35,287852,0.75,0.52,232.0,175.0,22.84,13.25,0,0,0,0,13,普通,386
1725,元禎企業股份有限公司,上市,化學工業,2026-09-30,34.15,0.44,33.92,33.13,76.16,74.03,0.72,0.67,36001,0.72,0.01,34.35,31.35,0.58,0.07,0,0,0,0,13,普通,387
2431,聯昌電子企業股份有限公司,上市,電子零組件,2026-09-30,10.15,1.5,10.11,10.1,57.41,58.48,-0.05,-0.08,80850,0.7,0.01,11.7,9.76,13.25,3.97,0,0,0,0,13,普通,388
2425,承啟科技股份有限公司,上市,電腦及週邊,2026-09-30,37.5,0.13,37.24,37.55,63.62,59.32,-0.69,-0.98,379492,0.69,0.14,52.9,35.6,29.11,8.11,0,0,0,0,13,普通,389
6838,台新藥股份有限公司,上市,生技醫療,2026-09-30,25.8,0.58,25.42,24.38,70.45,64.16,0.52,0.29,135088,0.69,0.03,26.25,23.0,1.71,0.16,0,0,0,0,13,普通,390
2417,圓剛科技股份有限公司,上市,電腦及週邊,2026-09-30,39.3,1.55,39.01,39.74,56.35,51.08,-0.92,-1.04,299577,0.68,0.12,45.65,37.95,13.91,4.7,0,0,0,0,13,普通,391
3416,融程電訊股份有限公司,上市,電腦及週邊,2026-09-30,162.5,0.31,161.6,163.67,38.71,37.39,-2.07,-2.23,154921,0.66,0.25,186.71,160.0,12.97,9.68,0,0,0,0,13,普通,392
4576,大銀微系統股份有限公司,上市,電機機械,2026-09-30,236.0,-2.07,231.5,230.75,56.96,44.36,3.88,4.8,2001719,0.64,4.72,247.0,223.5,4.45,0.88,0,0,0,0,13,普通,393
6412,群光電能科技股份有限公司,上市,電子零組件,2026-09-30,74.8,0.94,74.42,75.19,58.45,51.07,-1.16,-1.39,298425,0.59,0.22,89.6,73.7,16.52,13.45,0,0,0,0,13,普通,394
5215,科嘉(開曼)股份有限公司,上市,電腦及週邊,2026-09-30,37.9,1.61,37.82,38.19,46.51,43.03,-0.45,-0.47,14600,0.59,0.01,45.05,37.25,15.87,11.0,0,0,0,0,13,普通,395
6271,同欣電子工業股份有限公司,上市,半導體,2026-09-30,226.5,-0.22,227.8,223.25,56.98,60.47,5.05,5.73,2688998,0.58,6.09,255.0,215.5,11.18,2.59,0,0,0,0,13,普通,396
6674,鋐寶科技股份有限公司,上市,通信網路,2026-09-30,18.25,0.0,18.29,16.9,86.73,74.7,0.62,0.36,148899,0.56,0.03,18.4,15.6,0.82,0.06,0,0,0,0,13,普通,397
2929,淘帝國際控股有限公司,上市,貿易百貨,2026-09-30,5.83,0.34,5.82,5.77,68.28,59.05,0.03,0.02,80937,0.54,0.0,6.0,5.55,2.83,0.61,0,0,0,0,13,普通,398
2731,雄獅旅行社股份有限公司,上市,觀光餐旅,2026-09-30,144.5,1.05,143.9,143.38,78.46,72.59,-0.16,-0.49,107592,0.53,0.16,148.0,140.0,2.36,0.78,0,0,0,0,13,普通,399
3003,健和興端子股份有限公司,上市,電子零組件,2026-09-30,60.4,1.17,59.42,60.32,81.08,68.17,-1.21,-1.43,334294,0.51,0.2,72.1,56.6,16.23,3.08,0,0,0,0,13,普通,400
2609,陽明海運股份有限公司,上市,航運業,2026-09-30,59.4,1.71,59.62,59.15,31.52,44.39,0.9,1.2,15307782,0.48,9.09,64.5,57.3,7.91,2.43,0,0,0,0,13,普通,401
7795,長廣精機股份有限公司,上市,電子零組件,2026-09-30,488.0,-1.61,494.0,500.45,41.29,35.46,-5.81,-3.29,534383,0.44,2.61,600.0,466.0,18.67,5.09,0,0,0,0,13,普通,402
2901,欣欣大眾市場股份有限公司,上市,貿易百貨,2026-09-30,24.15,1.47,23.73,23.52,31.66,28.68,-0.01,-0.1,35295,0.39,0.01,24.5,22.7,1.43,0.24,0,0,0,0,13,普通,403
1456,怡華實業股份有限公司,上市,建材營造,2026-09-30,14.65,0.34,14.42,14.21,69.4,54.64,0.15,0.09,70540,0.35,0.01,14.7,13.6,0.34,0.05,0,0,0,0,13,普通,404
2615,萬海航運股份有限公司,上市,航運業,2026-09-30,114.0,2.7,114.1,113.4,27.63,40.15,2.59,3.75,5229227,0.31,5.96,126.5,110.5,9.88,3.57,0,0,0,0,13,普通,405
2338,台灣光罩股份有限公司,上市,半導體,2026-09-30,47.3,0.42,47.06,45.43,27.57,38.37,1.92,1.87,2745092,0.17,1.3,50.7,37.75,6.71,0.36,0,0,0,0,13,普通,406
1472,三洋實業股份有限公司,上市,建材營造,2026-09-30,88.8,0.79,88.02,88.39,66.26,49.92,-0.24,-0.22,81515,2.27,0.07,90.5,87.1,1.88,1.0,0,0,0,0,12,普通,407
3050,鈺德科技股份有限公司,上市,光電,2026-09-30,11.95,2.58,11.64,11.5,81.13,72.15,0.04,-0.03,774541,1.86,0.09,12.45,11.05,4.02,0.56,0,0,0,0,12,普通,408
1614,台灣三洋電機股份有限公司,上市,電器電纜,2026-09-30,31.15,0.32,31.12,31.0,47.01,51.82,0.07,0.03,101924,1.69,0.03,32.4,30.55,3.86,2.08,0,0,0,0,12,普通,409
6799,來頡科技股份有限公司,上市,半導體,2026-09-30,91.7,1.55,88.32,83.9,83.63,74.96,1.83,0.39,363120,1.62,0.33,102.0,77.5,10.1,0.73,0,0,0,0,12,普通,410
6589,台康生技股份有限公司,上市,生技醫療,2026-09-30,53.4,3.49,52.44,50.53,80.59,79.57,1.06,0.66,951363,1.41,0.51,53.9,45.3,0.93,0.06,0,0,0,0,12,普通,411
4904,遠傳電信股份有限公司,上市,通信網路,2026-09-30,103.5,-0.96,104.9,104.53,32.65,50.52,0.67,0.89,6147669,1.31,6.36,107.5,101.0,3.72,1.6,0,0,0,0,12,普通,412
3045,台灣大哥大股份有限公司,上市,通信網路,2026-09-30,119.5,-1.24,121.8,120.53,37.73,57.64,1.84,2.29,9563296,1.21,11.43,124.5,115.5,4.02,1.25,0,0,0,0,12,普通,413
2450,神腦國際企業股份有限公司,上市,通信網路,2026-09-30,28.2,-0.0,28.25,28.26,50.09,56.19,-0.03,-0.04,67908,1.0,0.02,29.0,28.15,2.76,16.0,0,0,0,0,12,普通,414
1519,華城電機股份有限公司,上市,重電,2026-09-30,693.0,0.73,699.2,709.09,17.13,23.0,-3.63,0.78,1199481,0.96,8.31,770.0,688.0,10.0,15.4,0,0,0,0,12,普通,415
8112,至上電子股份有限公司,上市,電子通路,2026-09-30,82.8,0.12,82.76,85.09,37.31,26.85,-2.0,-1.86,5164384,0.89,4.28,100.0,82.2,17.2,28.67,0,0,0,0,12,普通,416
6792,詠業科技股份有限公司,上市,通信網路,2026-09-30,59.6,1.19,59.04,59.04,49.01,46.58,0.15,0.19,30112,0.84,0.02,62.2,57.6,4.18,1.3,0,0,0,0,12,普通,417
5876,上海商業儲蓄銀行股份有限公司,上市,金融保險,2026-09-30,49.15,0.61,49.18,48.12,49.01,64.32,1.24,1.37,6913695,0.83,3.4,49.95,44.5,1.6,0.17,0,0,0,0,12,普通,418
2356,英業達股份有限公司,上市,電腦及週邊,2026-09-30,59.5,0.51,60.16,62.09,11.13,15.12,-1.4,-1.07,11548211,0.78,6.87,69.9,59.2,14.88,34.67,0,0,0,0,12,普通,419
2312,金寶電子工業股份有限公司,上市,其他電子,2026-09-30,31.25,1.79,30.85,31.25,47.8,42.47,-0.33,-0.33,6452416,0.77,2.02,34.6,30.45,9.68,4.19,0,0,0,0,12,普通,420
2302,麗正國際科技股份有限公司,上市,半導體,2026-09-30,45.0,-0.66,45.16,43.86,72.49,70.27,0.65,0.36,2757645,0.71,1.24,48.9,40.2,7.98,0.81,0,0,0,0,12,普通,421
2489,瑞軒科技股份有限公司,上市,光電,2026-09-30,41.8,1.7,41.34,40.41,53.68,56.52,1.27,1.42,23813020,0.66,9.95,44.15,36.9,5.32,0.48,0,0,0,0,12,普通,422
2634,漢翔航空工業股份有限公司,上市,航運業,2026-09-30,64.0,1.43,63.16,64.27,41.46,33.5,-0.57,-0.4,5993853,0.66,3.84,73.3,62.0,12.69,4.65,0,0,0,0,12,普通,423
6128,上福全球科技股份有限公司,上市,電腦及週邊,2026-09-30,19.2,0.52,19.15,19.37,41.19,41.89,-0.23,-0.25,46681,0.56,0.01,20.65,18.8,7.02,3.63,0,0,0,0,12,普通,424
6446,藥華醫藥股份有限公司,上市,生技醫療,2026-09-30,1215.0,1.67,1180.0,1242.41,49.06,29.98,-44.63,-37.82,1679655,0.47,20.41,1585.0,1150.0,23.34,5.69,0,0,0,0,12,普通,425
2478,大毅科技股份有限公司,上市,電子零組件,2026-09-30,120.0,2.13,119.4,120.82,41.58,42.63,-2.16,-2.61,981579,0.41,1.18,193.5,114.5,37.98,13.36,0,0,0,0,12,普通,426
2377,微星科技股份有限公司,上市,電腦及週邊,2026-09-30,151.0,0.0,151.6,151.72,40.14,47.13,0.46,0.83,3308802,0.4,5.0,169.0,148.0,10.65,6.0,0,0,0,0,12,普通,427
3032,偉訓科技股份有限公司,上市,電子零組件,2026-09-30,78.3,0.51,79.02,77.58,63.39,60.89,-0.19,-0.7,165404,0.35,0.13,87.1,70.5,10.1,1.13,0,0,0,0,12,普通,428
2250,第一化成控股(開曼)股份有限公司,上市,汽車工業,2026-09-30,57.0,0.35,56.96,57.18,54.0,49.83,-0.63,-0.87,122177,2.52,0.07,68.8,54.8,17.15,5.36,0,0,0,0,11,普通,429
4582,聚恆科技股份有限公司,上市,綠能環保,2026-09-30,22.5,1.35,22.44,22.86,50.78,38.62,-0.6,-0.71,132010,2.41,0.03,29.0,22.15,22.41,18.57,0,0,0,0,11,普通,430
5292,華懋科技股份有限公司,上市,綠能環保,2026-09-30,230.0,5.26,220.5,216.98,70.6,57.71,4.53,5.01,335376,1.95,0.77,241.0,209.0,4.56,0.52,0,0,0,0,11,普通,431
2031,新光鋼鐵股份有限公司,上市,鋼鐵工業,2026-09-30,46.5,1.75,45.86,44.99,81.32,73.31,0.5,0.38,1040624,1.69,0.48,46.55,43.3,0.11,0.02,0,0,0,0,11,普通,432
1103,嘉新水泥股份有限公司,上市,水泥工業,2026-09-30,13.2,1.54,13.1,13.14,40.87,37.99,-0.03,-0.03,573325,1.62,0.08,13.65,13.0,3.3,2.25,0,0,0,0,11,普通,433
3049,精金科技股份有限公司,上市,光電,2026-09-30,12.65,4.12,12.46,12.33,41.51,38.02,0.09,0.11,8983794,1.53,1.14,13.55,11.8,6.64,1.06,0,0,0,0,11,普通,434
2482,連宇股份有限公司,上市,其他電子,2026-09-30,16.45,0.61,16.34,16.1,62.74,58.65,0.04,-0.05,131185,1.48,0.02,20.0,15.5,17.75,3.74,0,0,0,0,11,普通,435
1711,臺灣永光化學工業股份有限公司,上市,化學工業,2026-09-30,40.9,0.86,39.53,39.75,67.2,54.41,-0.09,-0.15,4695432,1.46,1.92,44.2,37.95,7.47,1.12,0,0,0,0,11,普通,436
8039,台虹科技股份有限公司,上市,電子零組件,2026-09-30,300.5,9.87,270.2,275.85,54.16,31.64,1.19,3.06,31771460,1.44,95.47,352.5,256.0,14.75,1.17,0,0,0,0,11,普通,437
4746,台耀化學股份有限公司,上市,生技醫療,2026-09-30,48.95,2.62,48.31,47.91,71.94,67.78,-0.41,-0.86,1017830,1.41,0.5,56.1,45.25,12.75,1.93,0,0,0,0,11,普通,438
2105,正新橡膠工業股份有限公司,上市,橡膠工業,2026-09-30,30.65,1.83,30.19,30.39,56.48,38.73,-0.22,-0.27,5026012,1.36,1.54,33.6,29.9,8.78,3.93,0,0,0,0,11,普通,439
4560,強信機械科技股份有限公司,上市,電機機械,2026-09-30,29.9,1.87,29.33,29.59,66.5,48.36,-0.45,-0.63,367002,1.35,0.11,34.3,28.6,12.83,3.38,0,0,0,0,11,普通,440
3545,敦泰電子股份有限公司,上市,半導體,2026-09-30,51.8,-0.19,51.6,50.78,65.97,64.39,0.37,0.16,948776,1.34,0.49,58.2,48.45,11.0,1.91,0,0,0,0,11,普通,441
1325,恒大股份有限公司,上市,塑膠工業,2026-09-30,25.9,1.37,25.75,25.78,45.6,44.96,-0.09,-0.11,216678,1.31,0.06,28.25,25.35,8.32,4.27,0,0,0,0,11,普通,442
1417,嘉裕股份有限公司,上市,紡織纖維,2026-09-30,8.14,1.24,8.08,8.12,67.67,50.06,-0.06,-0.07,204014,1.3,0.02,9.02,7.98,9.76,5.5,0,0,0,0,11,普通,443
2497,怡利電子工業股份有限公司,上市,汽車工業,2026-09-30,44.35,1.72,43.73,44.18,61.41,55.79,-0.77,-1.05,239896,1.25,0.11,64.5,42.95,31.24,14.39,0,0,0,0,11,普通,444
8940,新天地國際實業股份有限公司,上市,觀光餐旅,2026-09-30,15.1,0.67,14.99,15.01,49.46,47.88,-0.09,-0.14,41847,1.24,0.01,16.5,14.65,8.48,3.11,0,0,0,0,11,普通,445
2393,億光電子工業股份有限公司,上市,光電,2026-09-30,64.5,1.42,63.46,63.64,73.79,64.05,-0.22,-0.37,1624561,1.23,1.05,71.0,61.7,9.15,2.32,0,0,0,0,11,普通,446
4562,穎漢科技股份有限公司,上市,電機機械,2026-09-30,30.95,3.17,30.4,30.38,52.89,50.73,-0.23,-0.39,153575,1.23,0.05,34.2,29.05,9.5,1.71,0,0,0,0,11,普通,447
6916,華凌光電股份有限公司,上市,光電,2026-09-30,18.7,1.36,18.34,18.41,41.8,31.89,-0.08,-0.12,35000,1.23,0.01,20.75,17.95,9.88,2.73,0,0,0,0,11,普通,448
1535,中宇環保工程股份有限公司,上市,電機機械,2026-09-30,45.8,0.55,45.71,45.56,73.16,66.65,-0.1,-0.23,46529,1.21,0.02,50.3,44.35,8.95,3.1,0,0,0,0,11,普通,449
1903,士林紙業股份有限公司,上市,造紙工業,2026-09-30,47.8,1.7,47.31,47.39,70.59,56.74,-0.16,-0.2,78361,1.17,0.04,49.3,46.15,3.04,0.91,0,0,0,0,11,普通,450
7768,頌勝科技材料股份有限公司,上市,半導體,2026-09-30,299.5,-1.48,298.7,285.39,77.67,68.69,4.26,0.12,83508,1.08,0.25,350.5,252.5,14.55,1.09,0,0,0,0,11,普通,451
4999,鑫禾科技股份有限公司,上市,電子零組件,2026-09-30,17.85,0.85,17.86,18.09,47.62,39.93,-0.25,-0.26,36315,1.0,0.01,20.1,17.7,11.19,15.0,0,0,0,0,11,普通,452
1449,佳和實業股份有限公司,上市,紡織纖維,2026-09-30,12.5,1.21,12.39,12.35,55.33,48.48,-0.01,-0.05,285169,0.99,0.04,14.25,12.05,12.28,3.89,0,0,0,0,11,普通,453
6934,心誠鎂行動醫電股份有限公司,上市,生技醫療,2026-09-30,75.3,-1.05,74.88,74.71,33.52,31.33,0.23,0.16,56001,0.97,0.04,81.5,72.3,7.61,2.07,0,0,0,0,11,普通,454
1218,泰山企業股份有限公司,上市,食品工業,2026-09-30,14.6,1.04,14.46,14.52,61.17,55.97,-0.14,-0.2,489245,0.9,0.07,17.25,14.25,15.36,7.57,0,0,0,0,11,普通,455
2434,統懋半導體股份有限公司,上市,半導體,2026-09-30,65.4,0.93,65.9,62.38,47.93,48.62,2.01,1.78,834554,0.88,0.55,90.8,59.3,27.97,4.16,0,0,0,0,11,普通,456
8499,鼎炫投資控股股份有限公司,上市,其他電子,2026-09-30,258.0,0.39,255.0,256.2,56.66,40.12,-2.05,-2.9,14215,0.88,0.04,306.5,251.0,15.82,6.93,0,0,0,0,11,普通,457
3018,隆銘綠能科技工程股份有限公司,上市,其他電子,2026-09-30,12.0,0.42,11.97,11.97,69.41,68.39,-0.19,-0.3,34966,0.88,0.0,17.25,11.0,30.43,5.25,0,0,0,0,11,普通,458
9905,大華金屬工業股份有限公司,上市,其他,2026-09-30,21.35,0.71,21.23,21.29,63.68,53.64,-0.01,0.0,88934,0.85,0.02,21.65,21.2,1.39,2.0,0,0,0,0,11,普通,459
2545,皇翔建設股份有限公司,上市,建材營造,2026-09-30,34.45,1.62,34.17,34.18,38.06,37.09,-0.02,-0.04,151120,0.83,0.05,37.5,33.05,8.13,2.18,0,0,0,0,11,普通,460
2636,台驊國際控股股份有限公司,上市,航運業,2026-09-30,71.7,1.85,71.1,70.43,71.41,70.43,0.55,0.5,322894,0.8,0.23,74.6,68.7,3.89,0.97,0,0,0,0,11,普通,461
2390,云辰電子開發股份有限公司,上市,其他電子,2026-09-30,10.3,0.98,10.18,10.19,71.47,62.86,-0.06,-0.11,295095,0.79,0.03,12.95,9.94,20.46,7.36,0,0,0,0,11,普通,462
3305,昇貿科技股份有限公司,上市,其他電子,2026-09-30,106.0,1.44,103.7,104.53,75.68,60.79,-1.78,-2.43,714305,0.76,0.76,131.0,98.1,19.08,3.16,0,0,0,0,11,普通,463
1710,東聯化學股份有限公司,上市,化學工業,2026-09-30,16.75,1.21,16.63,16.25,66.35,64.13,0.31,0.29,3999898,0.76,0.67,17.55,15.65,4.56,0.73,0,0,0,0,11,普通,464
2022,聚亨企業股份有限公司,上市,鋼鐵工業,2026-09-30,7.33,0.41,7.21,7.32,42.13,30.1,-0.11,-0.12,196068,0.76,0.01,8.07,7.13,9.17,3.7,0,0,0,0,11,普通,465
3312,弘憶國際股份有限公司,上市,電子通路,2026-09-30,52.0,2.16,51.78,50.91,50.57,49.88,0.15,-0.07,1018182,0.75,0.53,57.1,46.7,8.93,0.96,0,0,0,0,11,普通,466
2414,精技電腦股份有限公司,上市,電子通路,2026-09-30,53.3,0.38,53.1,52.92,74.24,68.11,-0.14,-0.35,84154,0.75,0.04,64.6,51.7,17.49,7.06,0,0,0,0,11,普通,467
3450,聯鈞光電股份有限公司,上市,半導體,2026-09-30,523.0,-0.38,521.4,531.57,40.55,41.22,-3.23,0.33,5061027,0.74,26.47,646.0,492.5,19.04,4.03,0,0,0,0,11,普通,468
1611,中國電器股份有限公司,上市,電器電纜,2026-09-30,11.55,1.76,11.43,11.54,56.04,44.55,-0.15,-0.17,755518,0.74,0.09,13.3,11.1,13.16,3.89,0,0,0,0,11,普通,469
8476,台境企業股份有限公司,上市,綠能環保,2026-09-30,20.1,1.26,19.69,19.73,63.72,60.24,-0.09,-0.18,171300,0.72,0.03,24.55,18.85,18.13,3.56,0,0,0,0,11,普通,470
4133,亞諾法生技股份有限公司,上市,生技醫療,2026-09-30,20.65,0.98,20.52,20.51,63.52,58.74,-0.06,-0.11,34923,0.72,0.01,22.7,20.2,9.03,4.56,0,0,0,0,11,普通,471
2374,佳能企業股份有限公司,上市,光電,2026-09-30,67.2,1.51,66.46,67.18,40.33,31.65,-0.58,-0.62,1449720,0.71,0.97,75.5,65.7,10.99,5.53,0,0,0,0,11,普通,472
1736,喬山健康科技股份有限公司,上市,運動休閒,2026-09-30,128.5,0.39,126.9,126.77,50.92,41.98,-0.45,-0.98,270456,0.67,0.35,145.0,122.0,11.38,2.54,0,0,0,0,11,普通,473
6706,惠特科技股份有限公司,上市,光電,2026-09-30,150.0,-0.66,147.4,140.45,43.23,53.1,7.36,6.85,4347363,0.64,6.52,164.0,120.5,8.54,0.47,0,0,0,0,11,普通,474
7786,東方風能科技股份有限公司,上市,綠能環保,2026-09-30,119.5,0.84,118.2,118.5,74.07,73.18,-0.66,-1.2,70345,0.63,0.08,134.0,114.0,10.82,2.64,0,0,0,0,11,普通,475
3708,上緯國際控股股份有限公司,上市,綠能環保,2026-09-30,98.9,1.33,98.46,98.49,61.85,56.0,-0.64,-0.9,281759,0.6,0.28,110.5,93.5,10.5,2.15,0,0,0,0,11,普通,476
1522,堤維西交通工業股份有限公司,上市,汽車工業,2026-09-30,26.8,0.94,26.53,26.56,77.05,63.83,-0.34,-0.51,291920,0.57,0.08,30.4,25.05,11.84,2.06,0,0,0,0,11,普通,477
2464,盟立自動化股份有限公司,上市,其他電子,2026-09-30,192.5,0.26,193.1,190.47,66.11,59.66,2.36,2.89,8420839,0.56,16.21,222.0,175.5,13.29,1.74,0,0,0,0,11,普通,478
3046,建碁股份有限公司,上市,電腦及週邊,2026-09-30,53.6,0.0,53.82,54.14,65.93,61.33,-0.66,-0.78,105794,0.53,0.06,62.3,51.9,13.96,5.12,0,0,0,0,11,普通,479
4915,致伸科技股份有限公司,上市,電子零組件,2026-09-30,63.5,0.0,64.08,63.3,27.32,48.08,0.66,0.59,1919014,0.52,1.22,68.8,59.6,7.7,1.36,0,0,0,0,11,普通,480
3004,豐達科技股份有限公司,上市,鋼鐵工業,2026-09-30,119.0,1.28,117.8,118.96,64.26,48.6,-1.71,-2.16,164196,0.52,0.2,155.5,114.0,23.47,7.3,0,0,0,0,11,普通,481
1220,台榮產業股份有限公司,上市,食品工業,2026-09-30,10.85,0.93,10.78,10.82,43.54,34.47,-0.05,-0.07,35049,0.51,0.0,11.85,10.7,8.44,6.67,0,0,0,0,11,普通,482
4720,德淵企業股份有限公司,上市,化學工業,2026-09-30,19.3,0.78,19.16,18.87,56.54,53.91,0.03,-0.11,230066,0.5,0.04,23.9,17.9,19.25,3.29,0,0,0,0,11,普通,483
9958,世紀鋼鐵結構股份有限公司,上市,鋼鐵工業,2026-09-30,93.0,0.98,92.06,92.73,72.32,68.34,-1.68,-2.52,759411,0.47,0.71,119.0,88.1,21.85,5.31,0,0,0,0,11,普通,484
8072,陞泰科技股份有限公司,上市,電子通路,2026-09-30,27.85,0.18,27.69,27.04,59.46,57.82,0.36,0.18,99285,0.4,0.03,29.1,25.9,4.3,0.64,0,0,0,0,11,普通,485
9912,偉聯科技股份有限公司,上市,電腦及週邊,2026-09-30,13.1,1.16,12.97,12.96,33.26,34.77,0.04,0.05,15843,0.3,0.0,14.1,12.6,7.09,2.0,0,0,0,0,11,普通,486
4545,銘鈺精密工業股份有限公司,上市,電子零組件,2026-09-30,39.1,9.99,34.95,33.66,80.87,69.1,0.83,0.26,931270,6.24,0.36,39.1,31.4,-0.0,0.0,0,0,0,0,10,普通,487
6901,鑽石生技投資股份有限公司,上市,其他,2026-09-30,16.85,-2.32,16.18,15.83,88.09,84.98,0.03,-0.24,5737727,4.17,0.97,21.05,14.75,19.95,2.0,0,0,0,0,10,普通,488
2483,百容電子股份有限公司,上市,電子零組件,2026-09-30,35.75,10.0,33.16,33.29,77.64,66.96,-0.79,-1.36,1698993,2.67,0.61,68.0,30.1,47.43,5.71,0,0,0,0,10,普通,489
1340,勝悅新材料有限公司,上市,塑膠工業,2026-09-30,5.24,0.58,5.23,5.2,77.04,70.92,0.0,-0.0,190565,2.07,0.01,5.72,5.07,8.39,2.82,0,0,0,0,10,普通,490
2466,冠西電子企業股份有限公司,上市,光電,2026-09-30,124.5,9.69,117.3,108.39,82.96,75.5,5.25,3.57,3010806,1.98,3.75,124.5,94.7,0.0,0.0,0,0,0,0,10,普通,491
6771,平和環保科技股份有限公司,上市,綠能環保,2026-09-30,42.6,1.91,42.16,41.94,58.27,56.24,0.32,0.36,56644,1.87,0.02,43.65,41.5,2.41,0.95,0,0,0,0,10,普通,492
6558,興能高科技股份有限公司,上市,其他電子,2026-09-30,25.0,-1.57,24.83,24.48,66.2,60.02,-0.13,-0.37,353849,1.8,0.09,30.1,23.05,16.94,2.62,0,0,0,0,10,普通,493
2115,六暉控股股份有限公司,上市,汽車工業,2026-09-30,23.9,0.84,23.76,23.74,28.29,21.13,0.13,0.2,87800,1.62,0.02,24.25,23.65,1.44,1.4,0,0,0,0,10,普通,494
2233,宇隆科技股份有限公司,上市,汽車工業,2026-09-30,167.0,-0.6,165.5,166.75,72.46,61.96,-5.46,-7.91,691011,1.58,1.15,256.0,156.5,34.77,8.48,0,0,0,0,10,普通,495
2939,永邑國際集團股份有限公司,上市,貿易百貨,2026-09-30,21.9,8.15,20.26,20.04,59.56,48.53,0.25,0.14,91002,1.43,0.02,21.9,19.4,-0.0,0.0,0,0,0,0,10,普通,496
1476,儒鴻企業股份有限公司,上市,紡織纖維,2026-09-30,274.0,0.37,275.7,289.0,14.8,13.27,-11.66,-11.22,1500481,1.25,4.11,364.5,273.0,24.83,90.5,0,0,0,0,10,普通,497
2642,台灣宅配通股份有限公司,上市,航運業,2026-09-30,20.4,0.49,20.4,20.36,47.7,50.19,-0.01,-0.03,36125,1.22,0.01,20.95,20.15,2.63,2.2,0,0,0,0,10,普通,498
1529,樂事綠能科技股份有限公司,上市,電機機械,2026-09-30,15.95,3.24,15.78,15.95,53.78,49.72,-0.37,-0.45,1017313,1.18,0.16,20.55,14.8,22.4,4.0,0,0,0,0,10,普通,499
1526,日馳企業股份有限公司,上市,電機機械,2026-09-30,15.05,3.44,14.76,15.24,42.91,31.76,-0.45,-0.47,131514,1.15,0.02,19.15,14.55,21.41,8.2,0,0,0,0,10,普通,500
2104,國際中橡投資控股股份有限公司,上市,橡膠工業,2026-09-30,11.15,4.21,11.05,10.68,58.92,60.41,0.19,0.13,5189159,1.12,0.58,11.65,10.05,4.29,0.45,0,0,0,0,10,普通,501
4552,力達控股有限公司,上市,電機機械,2026-09-30,15.8,2.93,15.7,16.07,46.46,46.19,-0.44,-0.49,187947,1.1,0.03,19.85,15.35,20.4,9.0,0,0,0,0,10,普通,502
1432,大魯閣實業股份有限公司,上市,運動休閒,2026-09-30,15.0,0.33,15.01,15.01,63.38,58.22,-0.03,-0.04,77485,1.05,0.01,15.3,14.9,1.96,3.0,0,0,0,0,10,普通,503
3052,夆典科技開發股份有限公司,上市,建材營造,2026-09-30,10.4,0.48,10.38,10.48,61.9,55.92,-0.12,-0.14,234682,1.03,0.02,11.3,10.2,7.96,4.5,0,0,0,0,10,普通,504
2882,國泰金融控股股份有限公司,上市,金融保險,2026-09-30,111.0,-0.45,111.3,110.18,43.76,48.06,1.9,2.44,21315382,1.01,23.66,115.0,109.0,3.48,2.0,0,0,0,0,10,普通,505
2514,龍邦國際興業股份有限公司,上市,其他,2026-09-30,11.7,2.63,11.59,11.68,41.87,42.84,-0.13,-0.15,67416,1.01,0.01,13.0,11.4,10.0,4.33,0,0,0,0,10,普通,506
2892,第一金融控股股份有限公司,上市,金融保險,2026-09-30,38.65,0.13,39.3,38.39,30.67,52.35,1.11,1.29,28939872,0.98,11.19,40.75,35.9,5.15,0.76,0,0,0,0,10,普通,507
2923,鼎固控股有限公司,上市,建材營造,2026-09-30,25.45,6.49,25.15,25.49,52.5,52.36,-0.47,-0.53,152576,0.93,0.04,41.0,23.0,37.93,6.35,0,0,0,0,10,普通,508
2880,華南金融控股股份有限公司,上市,金融保險,2026-09-30,45.35,1.0,45.67,45.07,27.81,45.58,1.12,1.39,13510391,0.92,6.13,47.9,41.95,5.32,0.75,0,0,0,0,10,普通,509
4108,懷特生技新藥股份有限公司,上市,生技醫療,2026-09-30,11.5,1.32,11.48,11.39,49.81,50.07,0.02,0.01,171220,0.91,0.02,12.4,11.1,7.26,2.25,0,0,0,0,10,普通,510
8016,矽創電子股份有限公司,上市,半導體,2026-09-30,284.0,-0.35,283.2,284.16,67.76,59.45,-2.88,-3.91,420158,0.89,1.19,363.0,274.0,21.76,7.9,0,0,0,0,10,普通,511
6666,羅麗芬控股股份有限公司,上市,生技醫療,2026-09-30,45.55,-0.22,45.24,44.73,79.1,76.99,0.36,0.29,20511,0.87,0.01,45.65,44.0,0.22,0.06,0,0,0,0,10,普通,512
3047,訊舟科技股份有限公司,上市,通信網路,2026-09-30,14.75,1.37,14.67,14.19,68.51,68.74,0.18,0.03,704294,0.83,0.1,16.95,13.25,12.98,1.47,0,0,0,0,10,普通,513
6534,正瀚生技股份有限公司,上市,生技醫療,2026-09-30,90.6,0.89,90.4,90.81,38.57,31.08,-0.54,-0.59,23100,0.72,0.02,95.3,89.4,4.93,3.92,0,0,0,0,10,普通,514
1789,台灣神隆股份有限公司,上市,生技醫療,2026-09-30,18.95,2.16,18.77,18.84,43.92,44.08,-0.08,-0.11,343688,0.71,0.07,20.9,18.0,9.33,2.05,0,0,0,0,10,普通,515
2890,永豐金融控股股份有限公司,上市,金融保險,2026-09-30,44.25,0.8,44.75,43.81,38.08,58.07,1.13,1.3,17882522,0.69,7.91,45.95,41.5,3.7,0.62,0,0,0,0,10,普通,516
5706,鳳凰國際旅行社股份有限公司,上市,觀光餐旅,2026-09-30,44.15,0.57,44.1,44.34,33.86,32.79,-0.32,-0.36,52613,0.69,0.02,47.5,43.75,7.05,8.38,0,0,0,0,10,普通,517
6426,統新光訊股份有限公司,上市,通信網路,2026-09-30,345.0,-2.54,367.1,328.59,61.77,75.0,32.9,33.31,2461734,0.64,8.49,391.5,257.0,11.88,0.53,0,0,0,0,10,普通,518
3652,精聯電子股份有限公司,上市,電腦及週邊,2026-09-30,34.2,1.03,34.19,33.75,65.0,70.44,0.19,0.07,54046,0.62,0.02,38.0,31.8,10.0,1.58,0,0,0,0,10,普通,519
2887,台新新光金融控股股份有限公司,上市,金融保險,2026-09-30,41.95,0.36,42.42,41.93,23.97,43.3,1.21,1.62,34383940,0.6,14.42,44.4,40.3,5.52,1.48,0,0,0,0,10,普通,520
6790,永豐餘消費品實業股份有限公司,上市,造紙工業,2026-09-30,37.8,0.53,37.75,37.87,31.91,30.43,-0.14,-0.15,57248,0.59,0.02,40.65,37.6,7.01,14.25,0,0,0,0,10,普通,521
2603,長榮海運股份有限公司,上市,航運業,2026-09-30,239.5,0.63,241.2,237.41,64.03,71.41,3.75,4.31,4722585,0.56,11.31,251.5,229.0,4.77,1.14,0,0,0,0,10,普通,522
2801,彰化商業銀行股份有限公司,上市,金融保險,2026-09-30,27.6,0.36,27.81,27.34,21.76,42.13,0.82,1.01,17370078,0.55,4.79,29.6,25.2,6.76,0.83,0,0,0,0,10,普通,523
2706,第一華僑大飯店股份有限公司,上市,觀光餐旅,2026-09-30,12.2,0.83,12.13,12.23,37.01,19.05,-0.09,-0.1,41474,0.42,0.01,12.9,12.1,5.43,7.0,0,0,0,0,10,普通,524
6796,晉弘科技股份有限公司,上市,生技醫療,2026-09-30,53.0,2.51,51.48,53.65,61.46,38.88,-2.02,-2.08,26823,0.36,0.01,65.3,50.2,18.84,4.39,0,0,0,0,10,普通,525
8045,達運光電股份有限公司,上市,通信網路,2026-09-30,53.9,0.94,53.4,52.45,51.92,57.2,0.27,-0.22,75405,0.33,0.04,66.5,47.2,18.95,1.88,0,0,0,0,10,普通,526
3092,鴻碩精密電工股份有限公司,上市,電子零組件,2026-09-30,25.0,9.89,23.2,23.28,66.54,51.7,-0.2,-0.39,1370178,6.24,0.34,30.6,21.6,18.3,1.65,0,0,0,0,9,普通,527
1731,美吾華股份有限公司,上市,生技醫療,2026-09-30,20.9,0.24,20.92,20.9,58.59,53.33,0.0,0.0,201549,2.41,0.04,21.2,20.75,1.42,2.0,0,0,0,0,9,普通,528
2910,統領百貨股份有限公司,上市,貿易百貨,2026-09-30,23.6,2.16,23.54,23.67,34.95,34.69,-0.16,-0.16,33000,2.32,0.01,28.3,23.1,16.61,9.4,0,0,0,0,9,普通,529
8429,金麗集團控股有限公司,上市,貿易百貨,2026-09-30,5.91,1.03,5.88,5.93,32.1,23.15,-0.04,-0.04,262429,2.04,0.02,6.33,5.85,6.64,7.0,0,0,0,0,9,普通,530
1568,倉佑實業股份有限公司,上市,汽車工業,2026-09-30,32.8,1.23,31.52,30.35,84.18,77.74,0.68,0.3,482894,1.73,0.16,34.25,28.2,4.23,0.32,0,0,0,0,9,普通,531
3054,立萬利創新股份有限公司,上市,電子通路,2026-09-30,59.4,1.02,58.72,57.01,84.7,73.38,1.2,1.01,151637,1.72,0.09,63.4,54.7,6.31,0.85,0,0,0,0,9,普通,532
6757,台灣虎航股份有限公司,上市,航運業,2026-09-30,54.0,1.12,53.84,54.31,53.37,48.45,-0.57,-0.6,875162,1.64,0.47,60.2,52.8,10.3,5.17,0,0,0,0,9,普通,533
3557,嘉威生活股份有限公司,上市,居家生活,2026-09-30,23.0,0.88,22.93,23.42,44.17,37.26,-0.48,-0.5,53872,1.5,0.01,27.25,22.7,15.6,14.17,0,0,0,0,9,普通,534
2430,燦坤實業股份有限公司,上市,電子通路,2026-09-30,18.25,0.83,18.17,17.98,91.25,90.91,0.15,0.14,64254,1.46,0.01,18.25,17.8,0.0,0.0,0,0,0,0,9,普通,535
2023,燁輝企業股份有限公司,上市,鋼鐵工業,2026-09-30,13.75,1.48,13.63,13.73,29.55,19.82,-0.06,-0.04,1274670,1.38,0.18,14.2,13.55,3.17,2.25,0,0,0,0,9,普通,536
6491,晶碩光學股份有限公司,上市,生技醫療,2026-09-30,413.0,1.72,406.5,393.23,85.57,83.52,9.9,8.29,444356,1.34,1.84,413.0,366.5,0.0,0.0,0,0,0,0,9,普通,537
6831,邁&#33834;科技股份有限公司,上市,電腦及週邊,2026-09-30,471.5,-4.17,497.6,535.54,7.99,10.88,-31.53,-27.37,1087237,1.33,5.13,819.0,471.5,42.43,0.0,0,0,0,0,9,普通,538
2254,巨鎧精密工業股份有限公司,上市,汽車工業,2026-09-30,92.6,0.87,88.38,76.32,97.43,95.99,7.48,5.2,2109236,1.3,1.95,92.6,61.5,-0.0,0.0,0,0,0,0,9,普通,539
1608,華榮電線電纜股份有限公司,上市,電器電纜,2026-09-30,36.25,2.98,35.66,35.93,39.02,26.48,0.01,0.15,2419982,1.28,0.88,38.2,35.2,5.1,1.86,0,0,0,0,9,普通,540
3591,艾笛森光電股份有限公司,上市,光電,2026-09-30,27.45,3.98,25.49,25.7,61.57,48.94,0.33,0.34,2356006,1.26,0.65,29.1,24.35,5.68,0.53,0,0,0,0,9,普通,541
1702,南僑投資控股股份有限公司,上市,食品工業,2026-09-30,33.05,0.3,33.05,32.83,68.43,67.6,0.07,0.0,173490,1.22,0.06,34.2,32.2,3.36,1.35,0,0,0,0,9,普通,542
2009,第一伸銅科技股份有限公司,上市,鋼鐵工業,2026-09-30,40.0,2.17,39.55,39.54,44.25,38.65,-0.03,-0.02,2128004,1.15,0.85,43.2,38.2,7.41,1.78,0,0,0,0,9,普通,543
5906,台南生活(開曼)股份有限公司,上市,貿易百貨,2026-09-30,41.0,0.24,40.78,39.34,66.17,72.85,1.09,0.85,3000,1.14,0.0,42.25,36.19,2.96,0.26,0,0,0,0,9,普通,544
6189,豐藝電子股份有限公司,上市,電子通路,2026-09-30,50.4,0.4,49.38,48.35,91.7,82.17,0.37,-0.04,407431,1.07,0.21,51.5,46.35,2.14,0.27,0,0,0,0,9,普通,545
1440,臺南紡織股份有限公司,上市,紡織纖維,2026-09-30,13.65,2.63,13.39,13.44,68.41,54.12,-0.02,-0.01,3285429,1.0,0.45,14.3,12.9,4.55,0.87,0,0,0,0,9,普通,546
2605,新興航運股份有限公司,上市,航運業,2026-09-30,35.55,0.42,36.32,35.99,32.42,42.55,0.46,0.67,10025716,0.94,3.56,37.8,34.75,5.95,2.81,0,0,0,0,9,普通,547
3168,眾福科技股份有限公司,上市,光電,2026-09-30,42.8,1.54,42.33,42.5,37.44,37.1,0.02,0.04,12454,0.94,0.01,44.8,41.8,4.46,2.0,0,0,0,0,9,普通,548
1233,天仁茶業股份有限公司,上市,食品工業,2026-09-30,28.1,1.81,27.99,28.08,47.53,45.42,-0.08,-0.07,17025,0.92,0.0,29.2,27.6,3.77,2.2,0,0,0,0,9,普通,549
2059,川湖科技股份有限公司,上市,電子零組件,2026-09-30,12055.0,-0.5,12316.0,12499.95,31.79,37.07,-21.66,129.03,375170,0.91,45.23,14510.0,11715.0,16.92,7.22,0,0,0,0,9,普通,550
3036,文曄科技股份有限公司,上市,電子通路,2026-09-30,205.5,-0.96,206.2,201.08,81.98,79.46,1.6,-0.26,7222910,0.91,14.84,233.5,187.0,11.99,1.51,0,0,0,0,9,普通,551
5880,合作金庫金融控股股份有限公司,上市,金融保險,2026-09-30,26.1,0.19,26.48,26.54,19.35,38.57,0.24,0.42,17921770,0.91,4.68,27.55,25.6,5.26,2.9,0,0,0,0,9,普通,552
1455,集盛實業股份有限公司,上市,紡織纖維,2026-09-30,9.94,2.69,9.75,9.8,60.05,46.83,0.0,0.02,812254,0.87,0.08,10.35,9.52,3.96,0.98,0,0,0,0,9,普通,553
2382,廣達電腦股份有限公司,上市,AI,2026-09-30,333.5,-0.89,338.4,337.27,35.21,50.61,1.79,2.62,12044214,0.86,40.17,381.0,328.0,12.47,8.64,0,0,0,0,9,普通,554
1216,統一企業股份有限公司,上市,食品工業,2026-09-30,74.2,0.41,74.52,75.11,29.26,34.8,-0.49,-0.4,6950370,0.86,5.16,80.3,73.9,7.6,20.33,0,0,0,0,9,普通,555
1308,亞洲聚合股份有限公司,上市,塑膠工業,2026-09-30,14.45,2.48,14.24,14.18,48.9,42.93,0.09,0.1,1211355,0.85,0.18,15.1,13.9,4.3,1.18,0,0,0,0,9,普通,556
3010,華立企業股份有限公司,上市,電子通路,2026-09-30,125.5,0.4,125.2,125.35,61.27,52.56,-0.14,-0.06,342277,0.83,0.43,132.5,122.5,5.28,2.33,0,0,0,0,9,普通,557
3447,展達通訊股份有限公司,上市,通信網路,2026-09-30,27.55,1.47,27.54,27.81,24.79,29.3,-0.26,-0.29,84450,0.82,0.02,37.05,26.8,25.64,12.67,0,0,0,0,9,普通,558
1315,達新工業股份有限公司,上市,塑膠工業,2026-09-30,68.8,1.03,68.3,67.14,91.09,87.87,0.85,0.7,33413,0.81,0.02,68.8,65.7,0.0,0.0,0,0,0,0,9,普通,559
9945,潤泰創新國際股份有限公司,上市,其他,2026-09-30,29.45,1.38,29.38,28.76,65.9,67.3,0.38,0.29,4079464,0.76,1.2,30.2,27.75,2.48,0.44,0,0,0,0,9,普通,560
2613,中國貨櫃運輸股份有限公司,上市,航運業,2026-09-30,22.4,2.05,22.23,22.27,48.46,40.06,0.01,0.06,206141,0.73,0.05,24.9,21.8,10.04,4.17,0,0,0,0,9,普通,561
2812,台中商業銀行股份有限公司,上市,金融保險,2026-09-30,18.85,0.27,19.01,19.14,15.06,30.06,-0.02,0.05,13306050,0.72,2.51,19.5,18.8,3.33,13.0,0,0,0,0,9,普通,562
2881,富邦金融控股股份有限公司,上市,金融保險,2026-09-30,151.0,-0.33,152.0,148.79,48.87,59.64,3.96,4.72,11234522,0.71,16.96,154.5,143.5,2.27,0.47,0,0,0,0,9,普通,563
2421,建準電機工業股份有限公司,上市,電子零組件,2026-09-30,160.5,-1.83,164.2,162.83,41.71,46.86,2.44,3.65,2575007,0.71,4.13,179.5,158.0,10.58,7.6,0,0,0,0,9,普通,564
2492,華新科技股份有限公司,上市,電子零組件,2026-09-30,299.5,-0.83,306.0,304.03,28.73,35.4,1.39,1.93,18095500,0.69,54.2,502.0,271.5,40.34,7.23,0,0,0,0,9,普通,565
2301,光寶科技股份有限公司,上市,電腦及週邊,2026-09-30,279.5,-0.53,283.1,283.36,38.15,38.68,2.2,4.57,12580586,0.66,35.16,317.5,274.0,11.97,6.91,0,0,0,0,9,普通,566
2886,兆豐金融控股股份有限公司,上市,金融保險,2026-09-30,49.15,0.1,49.67,49.98,15.56,29.87,0.28,0.59,16019426,0.66,7.87,53.1,48.5,7.44,6.08,0,0,0,0,9,普通,567
3702,大聯大控股股份有限公司,上市,電子通路,2026-09-30,114.0,-0.87,114.7,110.91,73.51,79.65,1.62,0.48,5567554,0.66,6.35,130.0,100.5,12.31,1.19,0,0,0,0,9,普通,568
1514,亞力電機股份有限公司,上市,電機機械,2026-09-30,102.5,0.49,102.7,102.03,54.47,51.11,-0.08,-0.32,666792,0.64,0.68,120.1,99.6,14.65,6.07,0,0,0,0,9,普通,569
1309,台達化學工業股份有限公司,上市,塑膠工業,2026-09-30,13.95,2.2,13.8,13.72,38.96,34.37,0.09,0.09,1399283,0.62,0.2,15.4,13.5,9.42,3.22,0,0,0,0,9,普通,570
6531,愛普科技股份有限公司,上市,半導體,2026-09-30,927.0,-0.22,954.0,941.96,44.36,47.69,13.11,17.97,2114051,0.6,19.6,1030.0,890.0,10.0,2.78,0,0,0,0,9,普通,571
2474,可成科技股份有限公司,上市,其他電子,2026-09-30,206.5,0.49,207.5,206.64,41.7,51.71,1.29,1.8,1467536,0.59,3.03,213.5,203.5,3.28,2.33,0,0,0,0,9,普通,572
1734,杏輝藥品工業股份有限公司,上市,生技醫療,2026-09-30,32.1,0.0,32.08,31.53,64.23,69.23,0.48,0.45,106291,0.58,0.03,32.8,30.6,2.13,0.47,0,0,0,0,9,普通,573
2375,凱美電機股份有限公司,上市,電子零組件,2026-09-30,118.0,0.43,117.9,120.56,28.5,30.18,-3.01,-3.33,1113238,0.47,1.31,197.0,117.5,40.1,158.0,0,0,0,0,9,普通,574
2049,上銀科技股份有限公司,上市,電機機械,2026-09-30,335.0,-0.15,330.1,339.69,51.39,39.71,-5.75,-4.48,1633312,0.44,5.47,387.0,323.5,13.44,4.52,0,0,0,0,9,普通,575
1213,大西洋飲料股份有限公司,上市,食品工業,2026-09-30,7.47,2.47,7.35,7.37,31.34,24.43,-0.04,-0.04,5100,0.43,0.0,7.77,7.09,3.86,0.79,0,0,0,0,9,普通,576
6655,科定企業股份有限公司,上市,其他,2026-09-30,125.0,0.4,124.6,122.24,44.9,51.93,1.88,1.64,2404,0.18,0.0,125.0,114.0,0.0,0.0,0,0,0,0,9,普通,577
2020,美亞鋼管廠股份有限公司,上市,鋼鐵工業,2026-09-30,26.7,9.88,23.24,22.34,77.69,54.53,0.58,0.16,5255490,6.42,1.4,26.7,21.35,0.0,0.0,0,0,0,0,8,普通,578
6120,達運精密工業股份有限公司,上市,光電,2026-09-30,14.35,9.96,13.22,12.72,70.96,57.47,0.16,-0.05,13041393,4.42,1.87,14.4,11.75,0.35,0.02,0,0,0,0,8,普通,579
1109,信大水泥股份有限公司,上市,水泥工業,2026-09-30,13.35,0.38,13.33,13.41,25.61,22.44,-0.08,-0.08,341349,3.53,0.05,14.7,13.3,9.18,27.0,0,0,0,0,8,普通,580
8442,威宏控股股份有限公司,上市,其他,2026-09-30,45.6,1.79,45.23,45.58,48.9,46.44,-0.03,0.12,66431,1.71,0.03,49.6,44.45,8.06,3.48,0,0,0,0,8,普通,581
3164,景岳生物科技股份有限公司,上市,生技醫療,2026-09-30,16.55,-0.3,16.34,16.08,81.18,68.28,0.08,-0.01,33146,1.7,0.01,16.6,15.7,0.3,0.06,0,0,0,0,8,普通,582
1323,永裕塑膠工業股份有限公司,上市,塑膠工業,2026-09-30,21.45,1.18,21.33,21.34,41.79,37.91,0.07,0.11,58614,1.4,0.01,21.7,21.15,1.15,0.83,0,0,0,0,8,普通,583
1471,首利實業股份有限公司,上市,電子零組件,2026-09-30,9.46,1.72,9.42,9.52,34.34,31.81,-0.1,-0.09,257783,1.33,0.02,10.65,9.3,11.17,7.44,0,0,0,0,8,普通,584
8438,昶昕實業股份有限公司,上市,綠能環保,2026-09-30,80.8,1.0,78.0,72.44,78.52,71.29,2.28,0.82,424654,1.3,0.34,97.1,67.0,16.79,1.18,0,0,0,0,8,普通,585
2013,中國鋼鐵結構股份有限公司,上市,鋼鐵工業,2026-09-30,41.6,0.97,41.31,41.42,54.78,36.97,-0.05,-0.03,65583,1.27,0.03,42.1,41.1,1.19,1.0,0,0,0,0,8,普通,586
6164,華興電子工業股份有限公司,上市,光電,2026-09-30,12.6,1.61,12.34,12.02,69.88,61.72,0.1,-0.03,531842,1.24,0.07,15.15,11.05,16.83,1.65,0,0,0,0,8,普通,587
6863,Arizon RFID Technology,上市,通信網路,2026-09-30,95.3,-0.94,96.88,99.21,58.75,56.66,-3.56,-4.05,104641,1.15,0.1,135.0,91.2,29.41,9.68,0,0,0,0,8,普通,588
3266,昇陽建設企業股份有限公司,上市,建材營造,2026-09-30,14.0,1.82,13.93,13.92,62.76,62.38,0.01,0.01,38070,1.15,0.01,14.15,13.65,1.06,0.43,0,0,0,0,8,普通,589
6658,聯策科技股份有限公司,上市,其他電子,2026-09-30,180.5,-0.28,178.9,173.44,68.24,61.1,3.18,2.35,363467,1.13,0.66,194.5,163.0,7.2,0.8,0,0,0,0,8,普通,590
2607,長榮國際儲運股份有限公司,上市,航運業,2026-09-30,53.8,1.32,53.6,53.05,75.12,72.84,0.67,0.81,302984,1.07,0.16,53.8,53.0,-0.0,0.0,0,0,0,0,8,普通,591
2908,特力股份有限公司,上市,貿易百貨,2026-09-30,22.05,1.61,22.02,22.03,56.76,56.01,0.02,0.05,256712,1.07,0.06,22.25,21.7,0.9,0.57,0,0,0,0,8,普通,592
5515,建國工程股份有限公司,上市,建材營造,2026-09-30,51.9,-1.52,51.74,50.91,74.59,61.06,0.54,0.5,328636,1.04,0.17,55.7,48.4,6.82,1.09,0,0,0,0,8,普通,593
6206,飛捷科技股份有限公司,上市,電腦及週邊,2026-09-30,139.5,-2.45,140.2,139.2,59.25,63.72,0.62,0.37,857287,1.03,1.2,158.0,134.0,11.71,3.36,0,0,0,0,8,普通,594
6861,睿生光電股份有限公司,上市,生技醫療,2026-09-30,313.5,10.0,283.6,240.78,91.76,85.59,21.89,11.1,2022444,0.92,6.34,313.5,178.5,0.0,0.0,0,0,0,0,8,普通,595
2409,友達光電股份有限公司,上市,光電,2026-09-30,38.55,9.99,35.83,31.61,85.87,78.78,2.48,1.75,431664386,0.91,166.41,38.55,26.4,-0.0,0.0,0,0,0,0,8,普通,596
9931,欣高石油氣股份有限公司,上市,油電燃氣,2026-09-30,34.2,1.48,33.91,33.98,39.97,35.27,-0.0,0.01,14637,0.87,0.01,34.35,33.7,0.44,0.3,0,0,0,0,8,普通,597
8463,潤泰精密材料股份有限公司,上市,其他,2026-09-30,21.25,1.43,21.12,21.21,69.64,65.81,-0.05,-0.03,29140,0.76,0.01,21.7,20.9,2.07,1.29,0,0,0,0,8,普通,598
6152,百一電子股份有限公司,上市,通信網路,2026-09-30,15.3,1.32,15.16,14.8,48.19,55.83,0.39,0.39,945020,0.71,0.14,16.1,13.45,4.97,0.43,0,0,0,0,8,普通,599
1503,士林電機廠股份有限公司,上市,重電,2026-09-30,197.5,1.8,196.2,199.03,24.87,18.69,-1.92,-1.52,777720,0.63,1.54,230.0,194.0,14.13,9.29,0,0,0,0,8,普通,600
9918,欣欣天然氣股份有限公司,上市,油電燃氣,2026-09-30,43.15,1.53,42.81,42.99,38.24,34.83,-0.04,-0.0,10803,0.61,0.0,44.2,42.5,2.38,1.62,0,0,0,0,8,普通,601
1598,岱宇國際股份有限公司,上市,運動休閒,2026-09-30,20.5,0.99,20.43,20.4,38.85,36.46,0.04,0.05,104908,0.59,0.02,21.1,19.9,2.84,1.0,0,0,0,0,8,普通,602
7721,微程式資訊股份有限公司,上市,數位雲端,2026-09-30,62.2,0.65,61.96,61.27,72.97,67.38,-0.04,-0.38,33227,0.58,0.02,71.0,57.5,12.39,1.87,0,0,0,0,8,普通,603
3229,晟鈦股份有限公司,上市,電子零組件,2026-09-30,58.6,2.63,57.36,57.82,17.82,23.69,1.51,2.24,2103478,0.52,1.23,67.5,48.6,13.19,0.89,0,0,0,0,8,普通,604
8271,宇瞻科技股份有限公司,上市,半導體,2026-09-30,202.0,1.25,200.7,208.43,20.37,18.35,-5.68,-4.87,694765,0.47,1.4,247.0,199.5,18.22,18.0,0,0,0,0,8,普通,605
1737,臺鹽實業股份有限公司,上市,食品工業,2026-09-30,30.05,0.33,30.07,30.42,53.18,50.28,-0.35,-0.36,147866,0.32,0.04,32.5,29.3,7.54,3.27,0,0,0,0,8,普通,606
3515,華擎科技股份有限公司,上市,電腦及週邊,2026-09-30,212.0,0.47,211.8,213.85,61.3,52.83,-1.9,-1.57,131782,0.25,0.28,236.0,201.0,10.17,2.18,0,0,0,0,8,普通,607
5288,開曼商豐祥控股股份有限公司,上市,電機機械,2026-09-30,183.5,-1.61,187.1,187.0,46.67,57.93,-0.46,-0.47,376460,3.16,0.69,197.5,180.5,7.09,4.67,0,0,0,0,7,普通,608
2429,銘旺科技股份有限公司,上市,光電,2026-09-30,30.95,0.98,30.79,31.31,39.84,44.17,-0.68,-0.84,508792,2.77,0.16,49.0,30.05,36.84,20.06,0,0,0,0,7,普通,609
6550,北極星藥業集團股份有限公司,上市,生技醫療,2026-09-30,17.85,2.59,18.51,19.31,20.75,14.02,-0.79,-0.73,1569194,2.73,0.28,26.08,17.4,31.56,18.29,0,0,0,0,7,普通,610
3501,維熹科技股份有限公司,上市,電子零組件,2026-09-30,37.65,0.4,37.81,38.5,7.45,8.26,-0.52,-0.44,196154,1.66,0.07,40.9,37.5,7.95,21.67,0,0,0,0,7,普通,611
8101,華冠通訊股份有限公司,上市,通信網路,2026-09-30,11.05,3.27,11.1,11.66,17.99,22.68,-0.33,-0.23,9088,1.65,0.0,14.2,10.7,22.18,9.0,0,0,0,0,7,普通,612
4441,振大環球股份有限公司,上市,紡織纖維,2026-09-30,171.5,0.88,170.7,173.32,27.95,27.69,-2.7,-3.03,83293,1.49,0.14,204.5,170.0,16.14,22.0,0,0,0,0,7,普通,613
2727,王品餐飲股份有限公司,上市,觀光餐旅,2026-09-30,236.0,0.43,232.2,230.92,81.05,59.6,0.03,-0.84,286823,1.39,0.68,245.0,227.0,3.67,1.0,0,0,0,0,7,普通,614
1590,亞德客國際集團,上市,電機機械,2026-09-30,1200.0,-0.83,1222.0,1283.31,29.78,22.57,-54.44,-48.75,1004908,1.35,12.06,1595.0,1200.0,24.76,0.0,0,0,0,0,7,普通,615
6947,台鎔科技材料股份有限公司,上市,綠能環保,2026-09-30,68.4,1.79,67.76,68.62,36.87,31.13,-1.29,-1.58,193105,1.28,0.13,83.8,66.6,18.38,8.56,0,0,0,0,7,普通,616
6958,日盛台駿國際租賃股份有限公司,上市,其他,2026-09-30,17.5,2.64,17.35,17.42,36.06,40.57,-0.01,0.01,37766,1.23,0.01,18.0,17.05,2.78,1.11,0,0,0,0,7,普通,617
1783,和康生物科技股份有限公司,上市,生技醫療,2026-09-30,37.25,1.64,36.72,37.38,71.48,50.71,-0.77,-0.87,71917,1.15,0.03,41.35,36.2,9.92,3.9,0,0,0,0,7,普通,618
1795,美時化學製藥股份有限公司,上市,生技醫療,2026-09-30,179.0,0.85,177.2,179.47,55.83,54.98,-2.08,-2.29,732628,1.13,1.31,206.81,173.5,13.45,5.06,0,0,0,0,7,普通,619
2365,昆盈企業股份有限公司,上市,電腦及週邊,2026-09-30,28.35,0.89,28.35,28.61,43.92,44.58,-0.43,-0.51,736906,1.09,0.21,32.7,27.1,13.3,3.48,0,0,0,0,7,普通,620
7818,溢泰實業股份有限公司,上市,綠能環保,2026-09-30,60.1,0.33,60.04,60.47,57.88,53.95,-0.64,-0.79,65206,1.09,0.04,70.3,59.9,14.51,51.0,0,0,0,0,7,普通,621
3679,新至陞科技股份有限公司,上市,電子零組件,2026-09-30,108.0,-0.46,108.6,108.29,44.75,53.63,-0.1,-0.25,35931,1.08,0.04,115.0,105.5,6.09,2.8,0,0,0,0,7,普通,622
3033,威健實業股份有限公司,上市,電子通路,2026-09-30,42.6,1.43,41.89,42.64,63.3,52.32,-0.99,-1.23,3084147,1.05,1.31,55.6,40.8,23.38,7.22,0,0,0,0,7,普通,623
1713,國泰化工廠股份有限公司,上市,化學工業,2026-09-30,42.45,1.56,41.72,42.53,39.3,21.61,-0.79,-0.87,341312,1.02,0.14,49.1,41.35,13.54,6.05,0,0,0,0,7,普通,624
6115,鎰勝工業股份有限公司,上市,電子零組件,2026-09-30,44.0,0.0,44.1,44.21,24.04,31.25,-0.15,-0.19,109408,1.02,0.05,48.3,43.8,8.9,21.5,0,0,0,0,7,普通,625
6214,精誠資訊股份有限公司,上市,資訊服務,2026-09-30,188.0,-0.53,189.6,186.63,49.44,58.51,5.07,6.5,1782332,1.01,3.35,194.5,182.5,3.34,1.18,0,0,0,0,7,普通,626
1524,耿鼎企業股份有限公司,上市,汽車工業,2026-09-30,26.1,0.97,26.04,26.3,45.08,41.02,-0.27,-0.28,231065,0.97,0.06,28.9,25.75,9.69,8.0,0,0,0,0,7,普通,627
6641,基士德科技股份有限公司,上市,綠能環保,2026-09-30,17.0,0.29,16.92,17.1,36.49,34.4,-0.18,-0.21,12014,0.97,0.0,19.1,16.75,10.99,8.4,0,0,0,0,7,普通,628
1443,立益物流開發股份有限公司,上市,其他,2026-09-30,23.45,1.96,23.2,23.62,44.67,44.49,-0.43,-0.48,15618,0.95,0.0,27.05,23.0,13.31,8.0,0,0,0,0,7,普通,629
8478,東哥企業股份有限公司,上市,運動休閒,2026-09-30,141.0,1.44,139.7,141.3,28.11,25.89,-1.25,-1.34,60527,0.94,0.09,157.0,139.0,10.19,8.0,0,0,0,0,7,普通,630
3528,安馳科技股份有限公司,上市,電子通路,2026-09-30,85.6,1.06,84.72,83.89,87.33,79.4,-0.21,-0.79,161785,0.93,0.14,99.3,80.4,13.8,2.63,0,0,0,0,7,普通,631
4564,元翎精密工業股份有限公司,上市,電機機械,2026-09-30,16.4,1.23,16.14,16.15,85.36,71.56,-0.16,-0.26,568400,0.93,0.09,21.6,15.65,24.07,6.93,0,0,0,0,7,普通,632
4571,鈞興機電國際股份有限公司,上市,電機機械,2026-09-30,153.5,0.66,152.3,153.26,80.08,66.36,-1.87,-2.45,97521,0.92,0.15,173.0,147.5,11.27,3.25,0,0,0,0,7,普通,633
1760,寶齡富錦生技股份有限公司,上市,生技醫療,2026-09-30,54.6,1.3,53.94,54.98,38.25,24.78,-1.1,-1.22,104442,0.9,0.06,65.0,53.6,16.0,10.4,0,0,0,0,7,普通,634
3028,增你強股份有限公司,上市,電子通路,2026-09-30,62.9,0.32,62.42,62.9,62.11,50.94,-0.94,-1.25,561062,0.89,0.35,76.41,60.7,17.68,6.14,0,0,0,0,7,普通,635
2904,匯僑股份有限公司,上市,其他,2026-09-30,12.6,-0.0,12.58,12.66,33.39,30.45,-0.11,-0.14,29328,0.88,0.0,14.15,12.5,10.95,15.5,0,0,0,0,7,普通,636
7780,大研生醫國際股份有限公司,上市,食品工業,2026-09-30,16.25,1.25,16.13,16.36,32.56,30.33,-0.19,-0.2,579003,0.86,0.09,18.0,16.05,9.72,8.75,0,0,0,0,7,普通,637
2387,精元電腦股份有限公司,上市,電腦及週邊,2026-09-30,36.45,0.55,36.75,36.65,45.92,56.86,-0.1,-0.14,178314,0.86,0.06,40.4,36.1,9.78,11.29,0,0,0,0,7,普通,638
9942,茂順密封元件科技股份有限公司,上市,其他,2026-09-30,114.5,1.33,114.0,114.28,51.0,51.57,-0.42,-0.53,39570,0.85,0.05,125.5,113.0,8.76,7.33,0,0,0,0,7,普通,639
4722,國精化學股份有限公司,上市,化學工業,2026-09-30,190.5,0.26,188.6,192.38,56.01,51.51,-5.01,-5.92,647758,0.84,1.23,274.5,183.0,30.6,11.2,0,0,0,0,7,普通,640
1517,利奇機械工業股份有限公司,上市,電機機械,2026-09-30,10.5,1.45,10.37,10.62,36.1,22.36,-0.22,-0.23,200411,0.83,0.02,12.3,10.3,14.63,9.0,0,0,0,0,7,普通,641
2891,中國信託金融控股股份有限公司,上市,金融保險,2026-09-30,68.4,-0.44,68.82,68.3,38.12,51.4,0.83,0.97,26342522,0.82,18.02,71.3,66.5,4.07,1.53,0,0,0,0,7,普通,642
1414,東和紡織股份有限公司,上市,紡織纖維,2026-09-30,17.65,0.86,17.42,17.76,66.08,48.17,-0.38,-0.43,161635,0.82,0.03,20.5,17.2,13.9,6.33,0,0,0,0,7,普通,643
3048,益登科技股份有限公司,上市,電子通路,2026-09-30,51.7,1.17,51.12,51.85,69.59,54.51,-0.98,-1.19,780796,0.81,0.4,60.7,49.4,14.83,3.91,0,0,0,0,7,普通,644
5484,慧友電子股份有限公司,上市,光電,2026-09-30,39.6,0.89,39.44,39.85,52.56,44.53,-0.39,-0.42,176451,0.81,0.07,49.3,39.0,19.68,16.17,0,0,0,0,7,普通,645
8222,寶一科技股份有限公司,上市,電機機械,2026-09-30,35.8,1.42,35.34,35.97,66.93,52.25,-0.74,-0.84,250901,0.79,0.09,41.95,34.25,14.66,3.97,0,0,0,0,7,普通,646
4164,承業生醫投資控股股份有限公司,上市,生技醫療,2026-09-30,27.35,1.67,26.86,26.29,83.38,73.39,0.14,-0.07,266148,0.79,0.07,29.45,25.2,7.13,0.98,0,0,0,0,7,普通,647
8926,台灣汽電共生股份有限公司,上市,油電燃氣,2026-09-30,59.2,1.54,58.68,58.46,53.49,54.86,-0.01,-0.25,1968918,0.77,1.17,78.5,56.3,24.59,6.66,0,0,0,0,7,普通,648
1786,科妍生物科技股份有限公司,上市,生技醫療,2026-09-30,43.3,1.52,42.89,44.39,26.89,25.11,-1.51,-1.62,149926,0.77,0.06,56.0,42.65,22.68,19.54,0,0,0,0,7,普通,649
2883,凱基金融控股股份有限公司,上市,金融保險,2026-09-30,38.85,-0.26,39.08,37.67,46.67,62.21,1.68,1.86,33744557,0.74,13.11,40.45,34.95,3.96,0.41,0,0,0,0,7,普通,650
2243,宏旭控股股份有限公司,上市,汽車工業,2026-09-30,52.6,4.16,51.44,48.74,52.73,56.4,2.08,1.79,254058,0.71,0.13,59.4,42.9,11.45,0.7,0,0,0,0,7,普通,651
2849,安泰商業銀行股份有限公司,上市,金融保險,2026-09-30,16.05,3.55,15.85,15.63,50.85,60.23,0.3,0.33,173582,0.7,0.03,16.25,14.4,1.23,0.12,0,0,0,0,7,普通,652
9928,中國電視事業股份有限公司,上市,其他,2026-09-30,17.75,-0.28,17.67,17.77,60.57,52.76,-0.11,-0.13,31338,0.7,0.01,18.65,17.55,4.83,4.5,0,0,0,0,7,普通,653
8473,山林水環境工程股份有限公司,上市,綠能環保,2026-09-30,39.75,0.63,39.23,39.38,80.41,61.95,-0.3,-0.38,392609,0.69,0.16,42.23,37.75,5.87,1.24,0,0,0,0,7,普通,654
1219,福壽實業股份有限公司,上市,食品工業,2026-09-30,11.45,0.88,11.45,11.43,51.18,49.93,0.0,0.0,135187,0.69,0.02,12.4,11.15,7.66,3.17,0,0,0,0,7,普通,655
2884,玉山金融控股股份有限公司,上市,金融保險,2026-09-30,44.85,-0.11,45.4,44.38,24.19,46.07,1.57,1.92,30691930,0.66,13.77,47.3,39.9,5.18,0.49,0,0,0,0,7,普通,656
7750,新代科技股份有限公司,上市,電機機械,2026-09-30,1915.0,-2.3,1948.0,2050.73,36.76,32.17,-91.22,-81.12,127901,0.66,2.45,2515.0,1890.0,23.86,24.0,0,0,0,0,7,普通,657
6141,柏承科技股份有限公司,上市,電子零組件,2026-09-30,51.8,-2.08,51.82,50.37,56.49,46.69,1.57,1.91,1718269,0.66,0.89,58.9,48.35,12.05,2.06,0,0,0,0,7,普通,658
1528,恩德科技股份有限公司,上市,電機機械,2026-09-30,25.85,1.37,25.72,23.44,59.95,68.59,1.7,1.43,6849555,0.65,1.77,27.05,18.7,4.44,0.17,0,0,0,0,7,普通,659
2106,建大工業股份有限公司,上市,橡膠工業,2026-09-30,16.65,1.22,16.57,16.79,46.34,35.1,-0.24,-0.26,529353,0.64,0.09,18.9,16.4,11.9,9.0,0,0,0,0,7,普通,660
1515,力山工業股份有限公司,上市,電機機械,2026-09-30,29.8,1.71,29.65,30.41,42.93,37.29,-0.76,-0.78,463655,0.6,0.14,44.85,29.15,33.56,23.15,0,0,0,0,7,普通,661
1616,億泰電線電纜股份有限公司,上市,電器電纜,2026-09-30,18.65,1.91,18.43,18.68,42.52,34.29,-0.28,-0.3,193401,0.59,0.04,23.5,18.25,20.64,12.13,0,0,0,0,7,普通,662
6753,龍德造船工業股份有限公司,上市,航運業,2026-09-30,133.5,0.75,132.7,134.66,44.01,37.06,-1.79,-1.82,298042,0.57,0.4,159.5,130.0,16.3,7.43,0,0,0,0,7,普通,663
4588,玖鼎電力資訊股份有限公司,上市,其他電子,2026-09-30,56.0,1.27,55.26,54.11,60.33,65.08,0.87,0.63,34439,0.54,0.02,58.7,50.6,4.6,0.5,0,0,0,0,7,普通,664
1108,幸福水泥股份有限公司,上市,水泥工業,2026-09-30,11.15,1.36,11.07,11.28,44.79,32.32,-0.22,-0.23,142406,0.52,0.02,13.95,11.0,20.07,18.67,0,0,0,0,7,普通,665
6215,和椿科技股份有限公司,上市,其他電子,2026-09-30,97.7,0.51,97.3,97.77,42.04,36.87,-0.42,-0.47,254503,0.47,0.25,116.0,95.6,15.78,8.71,0,0,0,0,7,普通,666
1536,和大工業股份有限公司,上市,汽車工業,2026-09-30,46.9,0.75,46.62,47.44,50.34,34.36,-0.83,-0.88,460254,0.47,0.22,56.1,46.0,16.4,10.22,0,0,0,0,7,普通,667
9938,台灣百和工業股份有限公司,上市,其他,2026-09-30,38.25,0.13,38.24,39.17,37.38,29.17,-1.11,-1.21,497623,0.47,0.19,47.6,37.7,19.64,17.0,0,0,0,0,7,普通,668
2072,世紀能源設備股份有限公司,上市,綠能環保,2026-09-30,131.5,0.0,129.1,132.6,53.81,37.82,-4.22,-5.07,123666,0.45,0.16,163.5,126.5,19.57,6.4,0,0,0,0,7,普通,669
2471,資通電腦股份有限公司,上市,資訊服務,2026-09-30,51.8,0.97,51.7,51.2,33.22,45.17,0.55,0.53,153881,0.42,0.08,53.5,49.4,3.18,0.71,0,0,0,0,7,普通,670
1516,川飛能源股份有限公司,上市,其他,2026-09-30,13.7,1.48,13.27,13.88,33.48,27.26,-0.46,-0.47,16610,0.42,0.0,18.55,12.9,26.15,6.06,0,0,0,0,7,普通,671
3494,誠研科技股份有限公司,上市,電腦及週邊,2026-09-30,7.1,0.14,7.11,7.12,25.93,28.39,-0.01,-0.02,27130,0.42,0.0,7.84,7.06,9.44,18.5,0,0,0,0,7,普通,672
6768,志強國際企業股份有限公司,上市,運動休閒,2026-09-30,62.7,0.32,62.66,63.18,55.47,52.69,-0.91,-1.15,88705,0.41,0.06,72.0,61.5,12.92,7.75,0,0,0,0,7,普通,673
4438,廣越企業股份有限公司,上市,紡織纖維,2026-09-30,57.0,0.53,56.68,57.4,54.3,45.03,-0.82,-0.91,34204,0.41,0.02,62.5,55.6,8.8,3.93,0,0,0,0,7,普通,674
3704,合勤投資控股股份有限公司,上市,通信網路,2026-09-30,40.5,0.62,40.57,40.87,33.25,41.3,-0.49,-0.65,924970,0.37,0.37,50.4,38.9,19.64,6.19,0,0,0,0,7,普通,675
6890,來億興業股份有限公司,上市,運動休閒,2026-09-30,148.0,0.68,147.7,153.1,34.2,25.56,-5.79,-5.98,66748,0.31,0.1,214.5,146.0,31.0,33.25,0,0,0,0,7,普通,676
3090,日電貿股份有限公司,上市,電子零組件,2026-09-30,161.0,0.0,163.3,165.02,31.56,36.8,-2.69,-2.94,1197482,0.29,1.93,306.0,159.0,47.39,72.5,0,0,0,0,7,普通,677
2364,倫飛電腦實業股份有限公司,上市,電腦及週邊,2026-09-30,65.0,0.15,65.88,65.94,39.15,49.84,-0.54,-0.61,72897,0.29,0.05,80.09,62.0,18.84,5.03,0,0,0,0,7,普通,678
7765,中華資安國際股份有限公司,上市,數位雲端,2026-09-30,237.0,0.0,239.8,233.23,43.58,46.89,4.21,3.39,74826,0.28,0.18,243.0,215.0,2.47,0.27,0,0,0,0,7,普通,679
2439,美律實業股份有限公司,上市,通信網路,2026-09-30,77.3,-1.02,77.94,78.18,55.02,65.62,-0.6,-0.83,1993502,1.7,1.54,89.4,74.9,13.53,5.04,0,0,0,0,6,普通,680
8081,致新科技股份有限公司,上市,半導體,2026-09-30,251.5,-1.57,252.7,252.37,66.15,66.42,-1.27,-2.11,457504,1.68,1.15,303.5,246.0,17.13,9.45,0,0,0,0,6,普通,681
2753,八方雲集國際股份有限公司,上市,觀光餐旅,2026-09-30,180.0,0.56,180.0,178.91,70.21,66.3,0.87,0.96,145323,1.4,0.26,182.0,176.5,1.1,0.57,0,0,0,0,6,普通,682
3023,信邦電子股份有限公司,上市,電子零組件,2026-09-30,307.0,-0.16,311.6,317.55,10.55,15.13,-1.96,0.46,1124944,1.25,3.45,340.0,307.0,9.71,0.0,0,0,0,0,6,普通,683
2912,統一超商股份有限公司,上市,貿易百貨,2026-09-30,212.5,0.24,212.8,215.62,13.29,17.33,-2.21,-2.11,1661127,1.19,3.53,245.5,212.0,13.44,66.0,0,0,0,0,6,普通,684
2373,震旦行股份有限公司,上市,其他電子,2026-09-30,52.9,0.76,52.88,53.0,39.57,42.94,-0.17,-0.18,26131,1.09,0.01,54.7,52.5,3.29,4.5,0,0,0,0,6,普通,685
2351,順德工業股份有限公司,上市,半導體,2026-09-30,209.0,-3.02,221.7,225.51,14.74,26.8,4.22,9.72,6777593,1.07,14.17,257.0,209.0,18.68,0.0,0,0,0,0,6,普通,686
6541,泰福生技股份有限公司,上市,生技醫療,2026-09-30,31.1,3.84,30.78,31.86,20.28,21.28,-1.27,-1.45,434509,1.03,0.14,41.3,29.95,24.7,8.87,0,0,0,0,6,普通,687
7769,鴻勁精密股份有限公司,上市,半導體,2026-09-30,5505.0,-1.43,5778.0,6069.08,9.87,15.53,-162.28,-79.08,909993,0.96,50.1,6970.0,5505.0,21.02,0.0,0,0,0,0,6,普通,688
2542,興富發建設股份有限公司,上市,建材營造,2026-09-30,38.65,0.13,40.35,44.18,10.11,19.01,-1.72,-0.67,12264656,0.95,4.74,48.8,38.6,20.8,203.0,0,0,0,0,6,普通,689
7610,聯友金屬科技股份有限公司,上市,綠能環保,2026-09-30,1735.0,0.29,1805.0,1800.25,40.49,45.52,16.09,31.29,760335,0.9,13.19,2600.0,1520.0,33.27,4.02,0,0,0,0,6,普通,690
4532,瑞智精密股份有限公司,上市,電機機械,2026-09-30,24.85,-0.8,25.03,24.43,71.27,68.29,0.28,0.14,731567,0.81,0.18,28.05,23.35,11.41,2.13,0,0,0,0,6,普通,691
1762,中化合成生技股份有限公司,上市,生技醫療,2026-09-30,34.35,1.93,33.8,34.25,58.98,45.73,-0.37,-0.37,51365,0.73,0.02,39.65,33.5,13.37,6.24,0,0,0,0,6,普通,692
3406,玉晶光電股份有限公司,上市,光電,2026-09-30,890.0,0.91,900.2,917.74,11.23,15.53,30.89,58.91,3625064,0.65,32.26,1110.0,882.0,19.82,27.5,0,0,0,0,6,普通,693
8070,長華電材股份有限公司,上市,電子通路,2026-09-30,50.2,1.01,49.81,49.84,57.5,55.65,0.04,0.05,940253,0.65,0.47,55.2,49.0,9.06,4.17,0,0,0,0,6,普通,694
6442,光紅建聖股份有限公司,上市,通信網路,2026-09-30,1490.0,-0.67,1509.0,1563.43,10.81,13.02,-19.58,1.44,1326246,0.55,19.76,1800.0,1490.0,17.22,0.0,0,0,0,0,6,普通,695
9110,越南製造加工出口控股有限公司,上市,91,2026-09-30,2.99,4.91,2.85,2.95,63.93,60.18,-0.05,-0.05,8000,0.55,0.0,3.43,2.69,12.83,1.47,0,0,0,0,6,普通,696
6924,榮惠集團(開曼)股份有限公司,上市,電子零組件,2026-09-30,135.0,0.0,135.0,129.94,54.26,55.0,4.9,5.01,25372,0.54,0.03,142.5,113.5,5.26,0.35,0,0,0,0,6,普通,697
1558,伸興工業股份有限公司,上市,電機機械,2026-09-30,112.5,-1.32,112.4,108.74,86.54,88.88,3.27,3.22,71668,0.51,0.08,114.0,103.0,1.32,0.16,0,0,0,0,6,普通,698
6669,緯穎科技服務股份有限公司,上市,AI,2026-09-30,2090.0,-0.48,2105.0,2194.61,9.82,12.11,-26.34,10.48,1870727,0.48,39.1,2615.0,2090.0,20.08,0.0,0,0,0,0,6,普通,699
4949,有成精密股份有限公司,上市,光電,2026-09-30,76.3,0.39,75.22,74.9,49.65,43.48,0.47,0.54,381077,0.48,0.29,82.3,71.5,7.29,1.25,0,0,0,0,6,普通,700
3135,凌航科技股份有限公司,上市,半導體,2026-09-30,158.0,0.96,158.0,162.04,17.91,16.74,-1.95,-0.79,332864,0.46,0.53,178.01,156.5,11.24,13.34,0,0,0,0,6,普通,701
2248,華勝汽車電子股份有限公司,上市,汽車工業,2026-09-30,61.3,-0.33,61.48,61.01,68.48,67.43,0.1,0.02,21020,0.42,0.01,66.9,59.2,8.37,2.67,0,0,0,0,6,普通,702
2834,臺灣中小企業銀行股份有限公司,上市,金融保險,2026-09-30,17.75,0.85,17.87,17.75,22.18,40.48,0.27,0.36,19148096,0.4,3.4,18.75,17.0,5.33,1.33,0,0,0,0,6,普通,703
6830,汎銓科技股份有限公司,上市,其他電子,2026-09-30,533.0,0.0,539.6,536.13,34.65,36.14,12.75,20.17,748243,0.38,3.99,598.0,512.0,10.87,3.1,0,0,0,0,6,普通,704
2491,吉祥全球實業股份有限公司,上市,光電,2026-09-30,40.8,1.49,40.15,40.76,29.3,28.53,0.11,0.54,623368,0.37,0.25,56.4,39.5,27.66,12.0,0,0,0,0,6,普通,705
6949,沛爾生技醫藥股份有限公司,上市,生技醫療,2026-09-30,50.6,2.85,50.24,209.9,18.91,20.5,-194.61,-220.19,2970267,0.36,1.5,1490.0,49.2,96.6,1028.14,0,0,0,0,6,普通,706
2413,環隆科技股份有限公司,上市,電子零組件,2026-09-30,51.4,0.78,51.78,49.86,33.45,47.92,2.02,2.11,1356361,0.2,0.7,54.0,41.65,4.81,0.27,0,0,0,0,6,普通,707
6226,光鼎電子股份有限公司,上市,光電,2026-09-30,45.1,-0.99,44.31,38.38,75.23,77.42,5.01,4.55,2195997,0.11,0.99,45.7,29.6,1.31,0.04,0,0,0,0,6,普通,708
3130,一零四資訊科技股份有限公司,上市,數位雲端,2026-09-30,209.0,0.0,208.8,209.07,45.97,39.86,-0.25,-0.24,46556,1.41,0.1,221.0,208.0,5.43,12.0,0,0,0,0,5,普通,709
2006,東和鋼鐵企業股份有限公司,上市,鋼鐵工業,2026-09-30,85.4,-0.0,86.1,83.83,62.29,62.99,1.55,1.36,2293122,1.32,1.96,88.5,80.8,3.5,0.67,0,0,0,0,5,普通,710
2534,宏盛建設股份有限公司,上市,建材營造,2026-09-30,16.95,0.3,16.9,16.95,36.27,35.61,-0.06,-0.06,282899,1.23,0.05,17.7,16.7,4.24,3.0,0,0,0,0,5,普通,711
1806,冠軍建材股份有限公司,上市,玻璃陶瓷,2026-09-30,8.0,0.76,7.98,8.0,50.35,46.58,-0.02,-0.02,151533,1.18,0.01,8.45,7.94,5.33,7.5,0,0,0,0,5,普通,712
6936,永鴻國際生技股份有限公司,上市,生技醫療,2026-09-30,32.0,0.95,31.81,32.04,43.51,36.8,-0.15,-0.12,15333,1.1,0.0,33.1,31.6,3.32,2.75,0,0,0,0,5,普通,713
2543,皇昌營造股份有限公司,上市,建材營造,2026-09-30,38.5,0.92,38.25,38.47,33.62,36.9,-0.11,-0.11,832412,1.09,0.32,41.0,37.35,6.1,2.17,0,0,0,0,5,普通,714
2433,互盛股份有限公司,上市,其他電子,2026-09-30,40.45,1.13,40.22,40.73,20.85,19.27,-0.41,-0.38,32141,1.09,0.01,42.55,40.0,4.94,4.67,0,0,0,0,5,普通,715
2488,漢平電子工業股份有限公司,上市,其他電子,2026-09-30,48.85,0.31,48.92,48.74,40.07,42.14,-0.04,-0.13,71306,1.06,0.03,53.7,48.15,9.03,6.93,0,0,0,0,5,普通,716
2208,台灣國際造船股份有限公司,上市,航運業,2026-09-30,19.15,0.26,19.3,19.14,53.53,60.04,0.03,-0.01,1999116,1.04,0.38,21.7,18.7,11.75,5.67,0,0,0,0,5,普通,717
1618,合機電線電纜股份有限公司,上市,電器電纜,2026-09-30,38.95,1.56,38.8,39.03,34.0,33.12,-0.19,-0.16,275545,1.0,0.11,41.7,38.35,6.59,4.58,0,0,0,0,5,普通,718
9907,統一實業股份有限公司,上市,其他,2026-09-30,14.9,1.36,14.84,15.0,21.95,13.35,-0.1,-0.07,1103426,0.99,0.16,15.5,14.7,3.87,3.0,0,0,0,0,5,普通,719
1909,榮成紙業股份有限公司,上市,造紙工業,2026-09-30,10.3,2.49,10.14,10.37,36.44,23.64,-0.15,-0.11,2013130,0.93,0.21,11.45,10.05,10.04,4.6,0,0,0,0,5,普通,720
1464,得力實業股份有限公司,上市,紡織纖維,2026-09-30,9.98,0.4,9.98,10.02,53.19,48.05,-0.06,-0.08,294330,0.92,0.03,10.95,9.91,8.86,13.86,0,0,0,0,5,普通,721
2415,錩新科技股份有限公司,上市,電子零組件,2026-09-30,27.2,-0.18,27.06,27.4,47.82,36.4,-0.29,-0.29,96889,0.86,0.03,34.47,26.85,21.09,20.77,0,0,0,0,5,普通,722
2748,雲品國際酒店股份有限公司,上市,觀光餐旅,2026-09-30,38.8,0.26,38.73,38.81,44.6,39.78,-0.02,-0.01,48387,0.84,0.02,40.3,38.65,3.72,10.0,0,0,0,0,5,普通,723
9908,大台北區瓦斯股份有限公司,上市,油電燃氣,2026-09-30,29.0,0.35,28.96,29.01,13.14,11.11,-0.04,-0.04,97696,0.81,0.03,29.9,28.9,3.01,9.0,0,0,0,0,5,普通,724
2915,潤泰全球股份有限公司,上市,貿易百貨,2026-09-30,58.8,0.51,59.34,58.2,69.07,74.23,0.76,0.73,1293047,0.8,0.76,61.8,56.6,4.85,1.36,0,0,0,0,5,普通,725
1466,聚隆纖維股份有限公司,上市,紡織纖維,2026-09-30,14.85,-0.0,14.87,15.18,46.09,39.14,-0.32,-0.33,179670,0.8,0.03,19.4,14.7,23.45,30.33,0,0,0,0,5,普通,726
2616,山隆通運股份有限公司,上市,油電燃氣,2026-09-30,13.3,0.76,13.26,13.31,22.39,17.08,-0.05,-0.05,62306,0.8,0.01,13.9,13.2,4.32,6.0,0,0,0,0,5,普通,727
2633,台灣高速鐵路股份有限公司,上市,航運業,2026-09-30,25.65,0.79,25.57,25.82,15.67,14.99,-0.13,-0.09,3367502,0.79,0.86,26.7,25.45,3.93,5.25,0,0,0,0,5,普通,728
6919,康霈生技股份有限公司,上市,生技醫療,2026-09-30,79.0,-0.63,80.36,84.89,13.84,27.07,-4.82,-5.15,5207976,0.76,4.11,113.5,79.0,30.4,0.0,0,0,0,0,5,普通,729
1521,大億交通工業製造股份有限公司,上市,汽車工業,2026-09-30,25.6,0.2,25.86,25.46,44.46,47.66,0.04,-0.03,29104,0.76,0.01,26.4,24.45,3.03,0.7,0,0,0,0,5,普通,730
9929,秋雨創新股份有限公司,上市,其他,2026-09-30,11.1,1.83,10.96,11.1,30.39,29.54,-0.08,-0.07,13001,0.7,0.0,11.75,10.85,5.53,2.6,0,0,0,0,5,普通,731
8422,可寧衛股份有限公司,上市,綠能環保,2026-09-30,25.9,1.57,25.66,26.05,20.15,17.71,-0.23,-0.19,2685352,0.69,0.7,27.8,25.5,6.83,4.75,0,0,0,0,5,普通,732
2704,國賓大飯店股份有限公司,上市,觀光餐旅,2026-09-30,45.45,1.0,45.15,45.46,35.77,33.93,-0.13,-0.1,56254,0.69,0.03,48.0,44.95,5.31,5.1,0,0,0,0,5,普通,733
6782,視陽光學股份有限公司,上市,生技醫療,2026-09-30,242.0,3.2,237.5,234.24,58.28,59.87,5.3,6.19,228871,0.68,0.55,254.5,223.5,4.91,0.68,0,0,0,0,5,普通,734
6582,申豐特用應材股份有限公司,上市,橡膠工業,2026-09-30,31.1,0.97,31.0,31.38,22.78,20.43,-0.28,-0.23,24323,0.65,0.01,32.9,30.8,5.47,6.0,0,0,0,0,5,普通,735
1316,上曜建設開發股份有限公司,上市,建材營造,2026-09-30,10.7,2.39,10.55,10.67,21.73,21.74,-0.03,0.0,1088627,0.62,0.12,11.75,10.4,8.94,3.5,0,0,0,0,5,普通,736
3622,洋華光電股份有限公司,上市,光電,2026-09-30,46.1,3.25,44.91,47.17,40.87,31.18,-1.92,-1.9,190574,0.61,0.09,56.8,44.2,18.84,5.63,0,0,0,0,5,普通,737
1104,環球水泥股份有限公司,上市,水泥工業,2026-09-30,26.7,0.56,26.66,26.83,18.61,17.99,-0.08,-0.03,318252,0.59,0.08,27.8,26.55,3.96,7.33,0,0,0,0,5,普通,738
8374,羅昇企業股份有限公司,上市,電機機械,2026-09-30,77.6,2.11,76.3,78.06,33.93,18.72,-1.34,-1.26,134916,0.57,0.1,88.9,75.3,12.71,4.91,0,0,0,0,5,普通,739
1236,宏亞食品股份有限公司,上市,食品工業,2026-09-30,25.45,0.39,25.36,25.57,48.04,45.6,-0.02,0.07,33518,0.57,0.01,26.3,25.25,3.23,4.25,0,0,0,0,5,普通,740
6722,輝創電子股份有限公司,上市,其他電子,2026-09-30,32.5,0.62,32.5,32.63,47.53,47.45,-0.15,-0.16,13701,0.56,0.0,35.45,32.0,8.32,5.9,0,0,0,0,5,普通,741
9910,豐泰企業股份有限公司,上市,運動休閒,2026-09-30,68.8,-0.43,69.18,68.87,51.73,47.52,-0.03,-0.12,604227,0.55,0.42,71.8,67.5,4.18,2.31,0,0,0,0,5,普通,742
1419,新光紡織股份有限公司,上市,紡織纖維,2026-09-30,66.1,0.76,65.86,66.18,47.71,43.61,-0.1,-0.0,40440,0.55,0.03,70.1,65.5,5.71,6.67,0,0,0,0,5,普通,743
5471,松翰科技股份有限公司,上市,半導體,2026-09-30,52.3,-0.76,52.12,53.59,61.7,48.05,-1.46,-1.42,727869,0.54,0.38,67.6,49.9,22.63,6.38,0,0,0,0,5,普通,744
1735,日勝化工股份有限公司,上市,化學工業,2026-09-30,20.2,0.75,20.24,20.22,69.28,66.43,-0.06,-0.09,31602,0.54,0.01,22.45,19.3,10.02,2.5,0,0,0,0,5,普通,745
9937,全國加油站股份有限公司,上市,油電燃氣,2026-09-30,54.5,0.74,54.24,54.64,45.2,35.96,-0.27,-0.22,22000,0.52,0.01,56.9,54.1,4.22,6.0,0,0,0,0,5,普通,746
5285,界霖科技股份有限公司,上市,半導體,2026-09-30,90.1,-0.44,91.24,87.69,62.0,67.7,2.46,2.24,788921,0.51,0.71,103.0,81.5,12.52,1.5,0,0,0,0,5,普通,747
2480,敦陽科技股份有限公司,上市,資訊服務,2026-09-30,160.0,0.31,160.8,159.75,32.79,49.43,1.06,1.04,94332,0.45,0.15,166.0,155.5,3.61,1.33,0,0,0,0,5,普通,748
3029,零壹科技股份有限公司,上市,資訊服務,2026-09-30,120.0,2.13,119.4,116.74,43.38,50.49,2.68,2.68,1540632,0.41,1.85,125.0,109.0,4.0,0.45,0,0,0,0,5,普通,749
5244,弘凱光電股份有限公司,上市,光電,2026-09-30,35.6,0.28,35.63,35.09,60.52,64.88,0.49,0.46,63010,0.41,0.02,36.9,33.5,3.52,0.62,0,0,0,0,5,普通,750
2465,麗臺科技股份有限公司,上市,電腦及週邊,2026-09-30,91.2,-0.76,90.46,91.48,44.44,34.86,-0.03,0.5,1234739,0.4,1.13,105.0,88.6,13.14,5.31,0,0,0,0,5,普通,751
5225,東科控股股份有限公司,上市,其他電子,2026-09-30,55.4,0.18,55.8,56.5,73.26,69.64,-1.79,-2.35,94419,0.39,0.05,75.5,53.0,26.62,8.38,0,0,0,0,5,普通,752
2506,太平洋建設股份有限公司,上市,建材營造,2026-09-30,8.43,0.24,8.41,8.49,45.68,41.51,-0.06,-0.05,84246,0.34,0.01,8.95,8.2,5.81,2.26,0,0,0,0,5,普通,753
4569,六方科技股份有限公司,上市,汽車工業,2026-09-30,157.5,2.27,155.1,158.64,43.41,30.95,-2.79,-2.45,28293,0.27,0.04,180.0,152.5,12.5,4.5,0,0,0,0,5,普通,754
1416,廣豐實業股份有限公司,上市,其他,2026-09-30,11.45,0.88,11.43,11.45,58.38,54.66,-0.02,-0.02,61402,0.27,0.01,12.05,11.25,4.98,3.0,0,0,0,0,5,普通,755
3057,喬鼎資訊股份有限公司,上市,電腦及週邊,2026-09-30,16.2,-0.31,16.18,16.41,47.76,46.3,-0.17,-0.13,15259,0.23,0.0,19.35,15.65,16.28,5.73,0,0,0,0,5,普通,756
2025,千興不銹鋼(股)公司,上市,鋼鐵工業,2026-09-30,14.65,9.74,13.26,12.81,82.31,71.23,0.22,0.03,4953379,6.88,0.73,14.65,11.85,-0.0,0.0,0,0,0,0,4,普通,757
1617,榮星電線工業股份有限公司,上市,電器電纜,2026-09-30,24.05,9.82,21.13,19.44,86.63,74.58,0.89,0.32,6230739,5.62,1.5,24.7,17.5,2.63,0.1,0,0,0,0,4,普通,758
6887,寶綠特資源再生工程股份有限公司,上市,綠能環保,2026-09-30,38.1,0.0,38.49,38.02,50.62,55.02,0.35,0.35,39219,2.14,0.01,39.7,36.9,4.03,1.33,0,0,0,0,4,普通,759
9939,宏全國際股份有限公司,上市,其他,2026-09-30,126.0,1.2,125.1,127.28,35.63,25.83,-1.66,-1.52,1076858,1.86,1.36,144.5,124.5,12.8,12.33,0,0,0,0,4,普通,760
1337,亞洲塑膠再生資源控股有限公司,上市,塑膠工業,2026-09-30,4.47,0.9,4.45,4.5,41.46,33.7,-0.06,-0.06,430987,1.74,0.02,5.25,4.39,14.86,9.75,0,0,0,0,4,普通,761
1730,花仙子企業股份有限公司,上市,化學工業,2026-09-30,51.2,-0.0,51.22,51.32,33.43,28.09,-0.08,-0.07,33032,1.7,0.02,51.9,51.2,1.35,0.0,0,0,0,0,4,普通,762
3031,佰鴻工業股份有限公司,上市,光電,2026-09-30,30.8,-1.44,29.9,26.96,87.47,79.7,1.63,0.94,3714722,1.38,1.14,32.65,23.0,5.67,0.24,0,0,0,0,4,普通,763
2107,厚生股份有限公司,上市,橡膠工業,2026-09-30,27.0,0.75,26.93,26.81,52.6,54.52,0.16,0.19,271111,1.35,0.07,27.3,26.5,1.1,0.6,0,0,0,0,4,普通,764
8341,日友環保科技股份有限公司,上市,綠能環保,2026-09-30,74.4,0.13,74.5,74.84,32.08,37.07,-0.38,-0.41,159644,1.15,0.12,77.4,74.1,3.88,10.0,0,0,0,0,4,普通,765
6591,動力科技股份有限公司,上市,電腦及週邊,2026-09-30,42.85,-0.81,43.97,43.31,39.73,51.37,0.01,-0.18,109366,1.14,0.05,51.0,41.5,15.98,6.04,0,0,0,0,4,普通,766
7827,英屬開曼群島商漢康生技(股)公司,上市,生技醫療,2026-09-30,165.0,0.92,163.4,158.15,80.76,75.62,2.11,0.69,204107,1.1,0.34,185.0,148.5,10.81,1.21,0,0,0,0,4,普通,767
1341,富林塑膠工業(開曼)控股(股)公司,上市,塑膠工業,2026-09-30,59.9,-0.17,59.94,59.63,92.03,88.14,0.12,0.06,2302,1.02,0.0,60.7,57.9,1.32,0.4,0,0,0,0,4,普通,768
4942,嘉彰股份有限公司,上市,光電,2026-09-30,31.9,-0.16,31.64,32.08,58.17,44.04,-0.56,-0.67,89065,0.99,0.03,37.75,31.2,15.5,8.36,0,0,0,0,4,普通,769
3705,永信國際投資控股股份有限公司,上市,生技醫療,2026-09-30,56.7,1.43,56.3,56.13,46.38,53.55,0.3,0.36,166812,0.91,0.09,57.4,55.7,1.22,0.7,0,0,0,0,4,普通,770
6504,南六企業股份有限公司,上市,其他,2026-09-30,36.95,-0.67,36.93,37.2,31.61,29.43,-0.21,-0.22,31050,0.91,0.01,40.95,36.55,9.77,10.0,0,0,0,0,4,普通,771
2945,三商家購股份有限公司,上市,貿易百貨,2026-09-30,39.85,0.13,40.03,39.98,55.96,59.6,-0.1,-0.14,20699,0.89,0.01,41.7,39.05,4.44,2.31,0,0,0,0,4,普通,772
6928,攸泰科技股份有限公司,上市,電腦及週邊,2026-09-30,46.0,1.1,45.78,46.8,37.06,39.83,-0.71,-0.64,38975,0.88,0.02,57.7,45.4,20.28,19.5,0,0,0,0,4,普通,773
6005,群益金鼎證券股份有限公司,上市,金融保險,2026-09-30,32.05,1.26,32.13,31.76,50.96,50.49,0.22,0.23,5514626,0.84,1.77,33.64,30.85,4.73,1.33,0,0,0,0,4,普通,774
5388,中磊電子股份有限公司,上市,通信網路,2026-09-30,71.5,-0.28,72.3,73.79,30.55,41.74,-1.88,-2.16,1744373,0.82,1.25,93.6,71.0,23.61,44.2,0,0,0,0,4,普通,775
9925,台灣新光保全股份有限公司,上市,其他,2026-09-30,39.55,0.25,39.61,39.65,46.55,51.42,-0.11,-0.14,401707,0.8,0.16,41.5,39.4,4.7,13.0,0,0,0,0,4,普通,776
7705,三商餐飲股份有限公司,上市,觀光餐旅,2026-09-30,29.85,0.34,29.89,30.02,22.44,30.46,-0.15,-0.17,39354,0.78,0.01,31.55,29.75,5.39,17.0,0,0,0,0,4,普通,777
6449,鈺邦科技股份有限公司,上市,電子零組件,2026-09-30,209.5,1.95,209.2,216.94,19.91,22.29,-6.92,-6.88,801553,0.74,1.68,352.0,205.5,40.48,35.62,0,0,0,0,4,普通,778
3596,智易科技股份有限公司,上市,通信網路,2026-09-30,153.0,-0.33,153.3,155.95,31.84,32.61,-3.23,-3.78,626274,0.73,0.96,197.0,152.0,22.34,44.0,0,0,0,0,4,普通,779
3346,麗清科技股份有限公司,上市,汽車工業,2026-09-30,24.15,1.47,23.85,21.75,70.9,71.19,1.02,0.52,591546,0.67,0.14,27.25,18.4,11.38,0.54,0,0,0,0,4,普通,780
4771,望隼科技股份有限公司,上市,生技醫療,2026-09-30,214.5,1.42,214.4,210.84,64.17,67.69,2.94,2.96,117793,0.61,0.25,219.0,201.5,2.05,0.35,0,0,0,0,4,普通,781
5608,四維航業股份有限公司,上市,航運業,2026-09-30,16.95,1.5,17.0,16.81,58.03,55.76,0.25,0.35,1471629,0.38,0.25,18.75,16.3,9.6,2.77,0,0,0,0,4,普通,782
1475,台灣業旺股份有限公司,上市,紡織纖維,2026-09-30,26.0,0.78,26.11,26.16,24.42,27.32,-0.09,-0.1,7010,0.37,0.0,27.45,25.8,5.28,7.25,0,0,0,0,4,普通,783
2816,旺旺友聯產物保險股份有限公司,上市,金融保險,2026-09-30,40.3,1.13,40.22,39.45,50.43,56.53,0.93,1.07,142023,0.35,0.06,40.95,38.65,1.59,0.39,0,0,0,0,4,普通,784
6272,驊陞科技股份有限公司,上市,電子零組件,2026-09-30,25.6,0.79,25.5,26.37,10.28,11.46,-0.17,0.14,122853,0.22,0.03,31.45,25.15,18.6,13.0,0,0,0,0,4,普通,785
6952,大武山牧場科技股份有限公司,上市,其他,2026-09-30,38.8,0.0,38.6,38.52,42.88,43.5,0.32,0.41,2014,0.18,0.0,39.7,37.0,2.27,0.5,0,0,0,0,4,普通,786
6184,大豐有線電視股份有限公司,上市,其他,2026-09-30,40.3,0.5,40.3,40.4,34.8,34.92,-0.31,-0.43,30797,0.17,0.01,43.1,39.45,6.5,3.29,0,0,0,0,4,普通,787
2468,華經資訊企業股份有限公司,上市,資訊服務,2026-09-30,45.5,-1.19,46.02,41.34,66.3,73.72,3.18,2.5,815446,0.14,0.37,46.85,32.45,2.88,0.1,0,0,0,0,4,普通,788
8105,凌巨科技股份有限公司,上市,光電,2026-09-30,16.35,9.73,15.26,15.1,66.31,53.22,-0.08,-0.26,8082010,3.07,1.32,20.55,14.15,20.44,1.91,0,0,0,0,3,普通,789
1437,勤益投資控股股份有限公司,上市,其他,2026-09-30,31.85,-0.0,32.37,32.2,44.12,62.98,0.2,0.29,297005,2.82,0.09,33.1,31.55,3.78,4.17,0,0,0,0,3,普通,790
2247,汎德永業汽車股份有限公司,上市,汽車工業,2026-09-30,224.5,0.67,227.7,228.94,32.32,45.87,-0.39,0.47,73412,2.58,0.16,234.0,223.0,4.06,6.33,0,0,0,0,3,普通,791
1438,三地開發地產股份有限公司,上市,建材營造,2026-09-30,21.15,0.0,21.44,21.34,22.66,36.48,0.16,0.21,155301,2.49,0.03,22.4,20.65,5.58,2.5,0,0,0,0,3,普通,792
4414,如興股份有限公司,上市,紡織纖維,2026-09-30,8.14,0.37,8.21,8.24,31.66,43.26,-0.05,-0.05,271106,2.05,0.02,8.81,8.07,7.6,9.57,0,0,0,0,3,普通,793
1446,宏和精密紡織股份有限公司,上市,紡織纖維,2026-09-30,13.4,0.37,13.53,13.54,35.76,47.06,-0.07,-0.1,226998,1.86,0.03,17.2,13.3,22.09,38.0,0,0,0,0,3,普通,794
2015,豐興鋼鐵股份有限公司,上市,鋼鐵工業,2026-09-30,64.2,1.74,64.04,64.29,40.11,43.84,-0.06,0.03,269520,1.83,0.17,66.5,63.1,3.46,2.09,0,0,0,0,3,普通,795
8443,阿瘦實業股份有限公司,上市,貿易百貨,2026-09-30,11.15,0.0,11.2,11.23,64.92,73.85,-0.04,-0.05,45128,1.76,0.01,11.55,11.15,3.46,0.0,0,0,0,0,3,普通,796
9926,新海瓦斯股份有限公司,上市,油電燃氣,2026-09-30,49.1,0.61,49.03,49.16,32.46,38.12,-0.05,-0.02,19648,1.73,0.01,50.8,48.75,3.35,4.86,0,0,0,0,3,普通,797
1805,寶徠建設股份有限公司,上市,建材營造,2026-09-30,10.05,-0.0,10.12,10.12,39.65,51.57,-0.0,0.01,129395,1.67,0.01,10.35,9.96,2.9,3.33,0,0,0,0,3,普通,798
8487,愛爾達科技股份有限公司,上市,數位雲端,2026-09-30,70.8,0.57,70.78,70.96,39.98,42.76,-0.36,-0.48,11006,1.46,0.01,78.6,70.0,9.92,9.75,0,0,0,0,3,普通,799
1324,地球綜合工業股份有限公司,上市,塑膠工業,2026-09-30,9.99,0.1,9.99,10.02,19.41,18.92,-0.03,-0.03,36923,1.46,0.0,10.55,9.94,5.31,11.2,0,0,0,0,3,普通,800
9943,好樂迪股份有限公司,上市,觀光餐旅,2026-09-30,50.4,0.4,50.4,50.75,17.57,15.01,-0.33,-0.33,68674,1.35,0.03,53.9,50.2,6.49,17.5,0,0,0,0,3,普通,801
1203,味王股份有限公司,上市,食品工業,2026-09-30,43.7,0.92,43.44,43.99,30.61,32.1,-0.43,-0.44,25121,1.34,0.01,49.95,42.25,12.51,4.31,0,0,0,0,3,普通,802
8454,富邦媒體科技股份有限公司,上市,數位雲端,2026-09-30,240.5,1.91,240.2,243.92,29.26,41.92,-3.31,-3.53,416989,1.2,1.0,283.5,234.0,15.17,6.62,0,0,0,0,3,普通,803
6754,匯僑室內裝修設計股份有限公司,上市,居家生活,2026-09-30,41.5,0.24,41.64,41.82,46.92,46.38,-0.16,-0.13,13201,1.18,0.01,43.55,40.9,4.71,3.42,0,0,0,0,3,普通,804
5871,中租控股股份有限公司,上市,其他,2026-09-30,107.0,0.0,107.4,110.47,10.11,11.98,-1.55,-0.95,7832970,1.15,8.38,121.08,107.0,11.63,0.0,0,0,0,0,3,普通,805
1210,大成長城企業股份有限公司,上市,食品工業,2026-09-30,52.0,0.78,51.98,52.2,40.33,45.54,-0.33,-0.41,1144033,1.14,0.59,58.7,51.5,11.41,13.4,0,0,0,0,3,普通,806
1217,愛之味股份有限公司,上市,食品工業,2026-09-30,9.95,0.51,9.94,9.95,44.06,49.53,-0.0,0.0,364370,1.05,0.04,10.05,9.9,1.0,2.0,0,0,0,0,3,普通,807
4178,永笙生技股份有限公司,上市,生技醫療,2026-09-30,16.7,0.91,16.59,16.8,42.0,45.34,-0.22,-0.25,88100,1.03,0.01,20.0,16.45,16.5,13.2,0,0,0,0,3,普通,808
1229,聯華實業控股股份有限公司,上市,食品工業,2026-09-30,39.9,0.88,39.9,40.59,15.93,13.31,-0.43,-0.3,1903032,0.99,0.76,42.5,39.55,6.12,7.43,0,0,0,0,3,普通,809
9919,康那香企業股份有限公司,上市,其他,2026-09-30,13.85,1.09,13.88,13.93,42.24,40.42,-0.02,0.0,170603,0.79,0.02,14.7,13.7,5.78,5.67,0,0,0,0,3,普通,810
2885,元大金融控股股份有限公司,上市,金融保險,2026-09-30,68.5,-0.29,69.32,68.66,27.57,43.51,0.96,1.25,15625355,0.78,10.7,70.8,66.7,3.25,1.28,0,0,0,0,3,普通,811
1110,東南水泥股份有限公司,上市,水泥工業,2026-09-30,14.65,2.09,14.74,15.35,14.38,13.89,-0.34,-0.22,229241,0.75,0.03,16.6,14.35,11.75,6.5,0,0,0,0,3,普通,812
2645,長榮航太科技股份有限公司,上市,航運業,2026-09-30,173.0,0.58,172.3,173.96,27.71,28.85,-2.34,-3.02,738170,0.71,1.28,251.5,170.0,31.21,26.17,0,0,0,0,3,普通,813
3005,神基控股股份有限公司,上市,電腦及週邊,2026-09-30,116.5,-0.43,117.2,116.46,48.04,59.02,0.66,0.68,1295309,0.7,1.51,121.5,112.5,4.12,1.25,0,0,0,0,3,普通,814
6416,瑞祺電通股份有限公司,上市,通信網路,2026-09-30,114.5,-1.29,115.7,112.3,30.69,48.33,4.43,4.78,596096,0.55,0.68,121.0,95.5,5.37,0.34,0,0,0,0,3,普通,815
2236,百達精密工業股份有限公司,上市,汽車工業,2026-09-30,109.5,2.34,109.5,115.97,29.53,26.92,-5.1,-4.6,233591,0.52,0.26,184.5,107.0,40.65,30.0,0,0,0,0,3,普通,816
6201,亞弘電科技股份有限公司,上市,其他電子,2026-09-30,44.6,0.9,44.5,44.85,10.46,15.96,-0.24,-0.28,12416,0.46,0.01,49.2,44.2,9.35,11.5,0,0,0,0,3,普通,817
6906,現觀科技股份有限公司,上市,數位雲端,2026-09-30,83.6,-0.12,83.0,81.35,61.67,52.84,1.75,1.87,51073,0.45,0.04,86.5,75.9,3.35,0.38,0,0,0,0,3,普通,818
1225,福懋油脂股份有限公司,上市,食品工業,2026-09-30,24.55,0.61,24.51,24.73,20.19,27.89,-0.21,-0.22,37768,0.44,0.01,28.2,24.3,12.94,14.6,0,0,0,0,3,普通,819
4137,麗豐股份有限公司,上市,生技醫療,2026-09-30,77.3,1.05,77.28,79.17,44.5,51.48,-2.8,-3.37,71737,0.34,0.06,96.7,75.2,20.06,9.24,0,0,0,0,3,普通,820
2062,橋椿金屬股份有限公司,上市,居家生活,2026-09-30,18.05,0.28,18.05,18.38,18.72,15.92,-0.26,-0.22,51090,0.28,0.01,19.55,18.0,7.67,30.0,0,0,0,0,3,普通,821
6988,威力暘電子股份有限公司,上市,汽車工業,2026-09-30,11.7,1.74,11.74,11.84,35.09,38.06,-0.1,-0.1,352000,5.48,0.04,13.6,11.3,13.97,4.75,0,0,0,0,2,普通,822
2903,遠東百貨股份有限公司,上市,貿易百貨,2026-09-30,22.15,1.14,22.14,22.18,46.25,46.8,-0.05,-0.03,1758957,1.62,0.39,22.8,21.8,2.85,1.86,0,0,0,0,2,普通,823
4583,台灣精銳科技股份有限公司,上市,電機機械,2026-09-30,426.5,-0.58,428.8,441.49,34.17,30.5,-15.95,-18.03,85478,1.45,0.36,612.0,420.0,30.31,28.54,0,0,0,0,2,普通,824
1615,大山電線電纜股份有限公司,上市,電器電纜,2026-09-30,42.95,0.82,42.87,43.27,24.31,22.08,-0.29,-0.22,96530,1.39,0.04,46.88,42.6,8.39,11.23,0,0,0,0,2,普通,825
1906,寶隆國際股份有限公司,上市,造紙工業,2026-09-30,10.9,0.93,10.79,10.96,46.04,31.82,-0.13,-0.12,67113,1.34,0.01,12.1,10.7,9.92,6.0,0,0,0,0,2,普通,826
9955,佳龍科技工程股份有限公司,上市,綠能環保,2026-09-30,23.1,1.76,23.06,23.49,34.68,26.82,-0.34,-0.31,203402,1.29,0.05,26.45,22.7,12.67,8.37,0,0,0,0,2,普通,827
6281,全國電子股份有限公司,上市,電子通路,2026-09-30,51.0,-0.39,51.04,51.18,29.27,24.92,-0.12,-0.12,39463,1.19,0.02,52.2,50.9,2.3,12.0,0,0,0,0,2,普通,828
9914,美利達工業股份有限公司,上市,運動休閒,2026-09-30,68.3,1.79,67.04,71.58,37.2,20.62,-3.78,-3.55,1932418,1.14,1.32,94.3,66.4,27.57,13.68,0,0,0,0,2,普通,829
3712,永崴投資控股股份有限公司,上市,電腦及週邊,2026-09-30,20.65,0.0,20.68,20.73,43.88,44.13,0.06,0.13,662167,1.1,0.14,22.8,20.55,9.43,21.5,0,0,0,0,2,普通,830
2392,正崴精密工業股份有限公司,上市,電子零組件,2026-09-30,41.6,1.84,41.98,42.4,31.47,37.03,0.02,0.37,2832562,1.02,1.18,46.65,40.85,10.83,6.73,0,0,0,0,2,普通,831
4994,傳奇網路遊戲股份有限公司,上市,資訊服務,2026-09-30,81.8,-0.61,82.44,82.69,50.76,48.94,-0.78,-1.01,12811,0.98,0.01,93.4,80.7,12.42,10.55,0,0,0,0,2,普通,832
2630,亞洲航空股份有限公司,上市,航運業,2026-09-30,47.05,1.62,46.59,47.85,28.4,18.72,-1.01,-0.93,816530,0.96,0.38,62.3,46.25,24.48,19.06,0,0,0,0,2,普通,833
2024,志聯工業股份有限公司,上市,鋼鐵工業,2026-09-30,12.9,1.18,12.86,13.04,30.4,24.02,-0.16,-0.15,12229,0.93,0.0,14.05,12.75,8.19,7.67,0,0,0,0,2,普通,834
2712,遠雄悅來大飯店股份有限公司,上市,觀光餐旅,2026-09-30,13.55,1.12,13.45,13.83,28.87,21.99,-0.29,-0.25,15156,0.9,0.0,15.45,13.35,12.3,9.5,0,0,0,0,2,普通,835
1452,宏益纖維工業股份有限公司,上市,紡織纖維,2026-09-30,10.8,0.93,10.77,10.99,9.75,9.66,-0.17,-0.14,49014,0.88,0.01,11.9,10.7,9.24,11.0,0,0,0,0,2,普通,836
9802,鈺齊國際股份有限公司,上市,運動休閒,2026-09-30,64.8,0.15,64.18,66.39,48.47,33.42,-1.98,-1.95,488971,0.83,0.32,75.9,63.5,14.62,8.54,0,0,0,0,2,普通,837
1583,程泰機械股份有限公司,上市,電機機械,2026-09-30,46.8,-0.32,46.7,47.18,33.15,28.9,-0.1,0.06,11000,0.81,0.01,49.3,46.3,5.07,5.0,0,0,0,0,2,普通,838
5203,訊連科技股份有限公司,上市,資訊服務,2026-09-30,58.4,-0.34,58.4,58.35,61.89,66.8,-0.58,-0.96,81992,0.8,0.05,68.9,55.6,15.24,3.75,0,0,0,0,2,普通,839
6431,光麗生技控股股份有限公司,上市,生技醫療,2026-09-30,17.6,0.28,17.43,18.01,50.52,35.31,-0.47,-0.41,49375,0.8,0.01,20.3,17.05,13.3,4.91,0,0,0,0,2,普通,840
1530,亞崴機電股份有限公司,上市,電機機械,2026-09-30,26.8,1.32,26.68,27.41,16.86,10.99,-0.49,-0.38,16529,0.8,0.0,30.0,26.45,10.67,9.14,0,0,0,0,2,普通,841
9103,美德向邦醫療國際股份有限公司,上市,91,2026-09-30,4.98,0.4,4.97,5.02,26.18,22.45,-0.05,-0.05,358515,0.79,0.02,5.73,4.96,13.09,37.5,0,0,0,0,2,普通,842
4306,炎洲股份有限公司,上市,塑膠工業,2026-09-30,14.7,0.34,14.61,14.74,53.69,39.27,-0.1,-0.08,694517,0.78,0.1,16.15,14.4,8.98,4.83,0,0,0,0,2,普通,843
6277,宏正自動科技股份有限公司,上市,電腦及週邊,2026-09-30,77.0,0.39,77.5,78.07,38.14,45.52,-0.47,-0.39,109713,0.77,0.08,87.5,76.0,12.0,10.5,0,0,0,0,2,普通,844
3209,全科科技股份有限公司,上市,電子通路,2026-09-30,45.35,-0.33,45.65,46.25,62.18,60.99,-1.11,-1.4,793593,0.76,0.36,57.43,44.25,21.03,10.98,0,0,0,0,2,普通,845
2239,開曼英利工業股份有限公司,上市,汽車工業,2026-09-30,18.95,0.8,18.91,19.28,29.94,26.93,-0.28,-0.24,53001,0.76,0.01,22.2,18.7,14.64,13.0,0,0,0,0,2,普通,846
4736,泰博科技股份有限公司,上市,生技醫療,2026-09-30,130.0,1.17,130.5,129.07,42.61,58.93,1.71,1.98,151086,0.73,0.2,133.5,124.5,2.62,0.64,0,0,0,0,2,普通,847
1604,聲寶股份有限公司,上市,電器電纜,2026-09-30,23.45,0.64,23.46,23.44,39.59,46.88,0.03,0.05,132430,0.71,0.03,23.65,23.3,0.85,1.33,0,0,0,0,2,普通,848
1723,中鋼碳素化學股份有限公司,上市,化學工業,2026-09-30,80.7,0.88,80.52,82.09,19.51,16.76,-1.35,-1.23,381773,0.7,0.31,89.7,80.0,10.03,12.86,0,0,0,0,2,普通,849
5521,工信工程股份有限公司,上市,建材營造,2026-09-30,10.6,0.95,10.56,10.57,67.16,67.6,0.01,0.01,793188,0.7,0.08,11.05,10.35,4.07,1.8,0,0,0,0,2,普通,850
6955,邦睿生技股份有限公司,上市,生技醫療,2026-09-30,96.0,0.73,95.1,97.1,44.17,29.2,-1.3,-0.96,5001,0.68,0.0,108.5,94.2,11.52,6.94,0,0,0,0,2,普通,851
2362,藍天電腦股份有限公司,上市,電腦及週邊,2026-09-30,46.9,0.43,47.37,47.47,38.47,47.13,0.02,0.16,457218,0.65,0.21,51.1,46.25,8.22,6.46,0,0,0,0,2,普通,852
1623,大東電業廠股份有限公司,上市,電器電纜,2026-09-30,200.5,1.26,199.4,203.6,17.71,17.27,-2.37,-1.78,51926,0.65,0.1,235.0,197.5,14.68,11.5,0,0,0,0,2,普通,853
3356,奇偶科技股份有限公司,上市,光電,2026-09-30,66.0,0.61,65.82,68.71,13.78,10.48,-1.47,-0.93,158490,0.62,0.1,76.96,65.2,14.24,13.7,0,0,0,0,2,普通,854
2427,三商電腦股份有限公司,上市,資訊服務,2026-09-30,23.35,0.43,23.42,23.11,34.59,48.33,0.26,0.23,674941,0.61,0.16,25.8,21.8,9.5,1.58,0,0,0,0,2,普通,855
8467,波力環球企業股份有限公司,上市,運動休閒,2026-09-30,87.7,-0.34,88.28,89.48,61.12,58.63,-2.15,-2.77,7709,0.61,0.01,114.5,83.2,23.41,5.96,0,0,0,0,2,普通,856
2108,南帝化學工業股份有限公司,上市,橡膠工業,2026-09-30,28.75,1.95,28.6,28.88,58.76,54.99,-0.22,-0.18,340467,0.59,0.1,31.4,27.75,8.44,2.65,0,0,0,0,2,普通,857
9934,成霖企業股份有限公司,上市,居家生活,2026-09-30,9.87,0.2,9.84,10.17,49.37,33.13,-0.3,-0.29,418771,0.58,0.04,12.0,9.75,17.75,17.75,0,0,0,0,2,普通,858
1722,台灣肥料股份有限公司,上市,化學工業,2026-09-30,41.55,0.97,41.52,42.76,15.9,11.4,-1.01,-0.93,1759827,0.54,0.73,48.15,41.15,13.71,16.5,0,0,0,0,2,普通,859
6472,保瑞藥業股份有限公司,上市,生技醫療,2026-09-30,424.0,0.36,424.8,421.68,47.18,53.36,1.19,0.37,278450,0.49,1.18,470.0,399.0,9.79,1.84,0,0,0,0,2,普通,860
2905,三商投資控股股份有限公司,上市,貿易百貨,2026-09-30,18.3,1.67,18.36,18.21,33.33,47.96,0.29,0.39,759903,0.48,0.14,18.85,17.4,2.92,0.61,0,0,0,0,2,普通,861
8462,柏文健康事業股份有限公司,上市,運動休閒,2026-09-30,158.5,0.96,158.3,162.12,27.57,25.46,-2.61,-2.09,28291,0.47,0.04,179.5,157.0,11.7,14.0,0,0,0,0,2,普通,862
2428,興勤電子工業股份有限公司,上市,電子零組件,2026-09-30,251.5,0.0,253.5,253.72,30.47,41.45,0.31,0.64,436986,0.43,1.1,325.0,244.5,22.62,10.5,0,0,0,0,2,普通,863
6668,中揚光電股份有限公司,上市,光電,2026-09-30,47.05,-1.26,47.72,44.66,51.66,57.93,2.41,2.22,1721276,0.43,0.81,50.3,39.3,6.46,0.42,0,0,0,0,2,普通,864
2851,中央再保險股份有限公司,上市,金融保險,2026-09-30,47.2,0.32,47.42,46.28,61.24,67.4,1.41,1.68,1080271,0.38,0.51,48.15,44.95,1.97,0.42,0,0,0,0,2,普通,865
9935,慶豐富實業股份有限公司,上市,居家生活,2026-09-30,18.3,0.55,18.28,18.66,60.36,44.35,-0.4,-0.4,93684,0.34,0.02,20.9,17.85,12.44,5.78,0,0,0,0,2,普通,866
6112,邁達特數位股份有限公司,上市,資訊服務,2026-09-30,48.05,1.48,48.02,47.45,23.83,36.64,0.95,1.08,1096016,0.32,0.53,52.1,44.3,7.77,1.08,0,0,0,0,2,普通,867
5607,遠雄自貿港投資控股股份有限公司,上市,航運業,2026-09-30,52.4,0.96,52.22,52.81,26.04,22.5,-0.15,0.09,269086,0.31,0.14,57.2,51.7,8.39,6.86,0,0,0,0,2,普通,868
3019,亞洲光學股份有限公司,上市,光電,2026-09-30,136.5,0.74,135.4,137.01,51.4,43.48,-0.85,-0.53,1298029,0.21,1.77,157.5,132.0,13.33,4.67,0,0,0,0,2,普通,869
1465,偉全實業股份有限公司,上市,紡織纖維,2026-09-30,11.65,0.87,11.6,11.78,24.09,19.59,-0.16,-0.16,33193,0.19,0.0,13.55,11.55,14.02,19.0,0,0,0,0,2,普通,870
8411,福貞控股股份有限公司,上市,其他,2026-09-30,11.9,0.0,12.11,12.51,21.9,20.24,-0.22,-0.12,346796,2.96,0.04,13.3,11.9,10.53,0.0,0,0,0,0,1,普通,871
2459,敦吉科技股份有限公司,上市,其他電子,2026-09-30,65.0,0.15,65.22,65.6,24.33,29.18,-0.27,-0.16,89409,1.72,0.06,67.3,64.9,3.42,23.0,0,0,0,0,1,普通,872
6614,資拓宏宇國際股份有限公司,上市,數位雲端,2026-09-30,35.3,0.43,35.48,35.63,19.11,26.11,-0.22,-0.25,33278,1.32,0.01,40.75,35.15,13.37,36.33,0,0,0,0,1,普通,873
2101,南港輪胎股份有限公司,上市,橡膠工業,2026-09-30,29.9,0.34,29.91,30.6,15.29,18.62,-0.65,-0.67,1675986,1.31,0.5,35.5,29.8,15.77,56.0,0,0,0,0,1,普通,874
1467,南緯實業股份有限公司,上市,紡織纖維,2026-09-30,8.03,0.0,8.07,8.16,33.36,36.01,-0.14,-0.17,148420,1.1,0.01,10.5,7.9,23.52,19.0,0,0,0,0,1,普通,875
6585,鼎基先進材料股份有限公司,上市,其他,2026-09-30,104.0,0.48,104.9,106.99,44.37,51.3,-2.7,-2.95,132581,1.06,0.14,128.5,102.5,19.07,16.33,0,0,0,0,1,普通,876
9944,新麗企業股份有限公司,上市,其他,2026-09-30,17.2,0.58,17.18,17.26,52.75,55.99,-0.07,-0.07,29526,0.97,0.01,18.45,17.1,6.78,12.5,0,0,0,0,1,普通,877
1453,大將開發股份有限公司,上市,建材營造,2026-09-30,10.9,0.93,10.87,10.95,22.09,24.62,-0.03,-0.01,24887,0.94,0.0,11.36,10.8,4.04,4.6,0,0,0,0,1,普通,878
9911,台灣櫻花股份有限公司,上市,居家生活,2026-09-30,81.5,-0.12,81.5,81.75,30.87,31.13,-0.24,-0.26,178720,0.89,0.15,84.5,81.2,3.55,10.0,0,0,0,0,1,普通,879
8481,政伸企業股份有限公司,上市,其他,2026-09-30,40.95,0.61,40.93,40.97,26.27,31.0,-0.0,0.02,9000,0.89,0.0,44.35,40.6,7.67,9.71,0,0,0,0,1,普通,880
4440,宜新實業股份有限公司,上市,紡織纖維,2026-09-30,17.55,0.57,17.51,17.56,36.13,37.01,-0.02,-0.0,30000,0.87,0.01,18.3,17.45,4.1,7.5,0,0,0,0,1,普通,881
2597,潤弘精密工程事業股份有限公司,上市,建材營造,2026-09-30,168.0,0.6,167.9,169.16,25.14,31.47,-0.09,0.41,161580,0.82,0.27,175.0,167.0,4.0,7.0,0,0,0,0,1,普通,882
4106,雃博股份有限公司,上市,生技醫療,2026-09-30,24.35,0.41,24.3,24.4,44.91,52.89,-0.04,-0.02,86869,0.81,0.02,25.3,24.2,3.75,6.33,0,0,0,0,1,普通,883
6581,台灣鋼聯股份有限公司,上市,綠能環保,2026-09-30,108.5,0.46,108.6,109.14,16.98,22.46,-0.05,0.21,11250,0.78,0.01,111.5,108.0,2.69,6.0,0,0,0,0,1,普通,884
2701,萬華企業股份有限公司,上市,觀光餐旅,2026-09-30,10.3,0.49,10.28,10.37,33.53,36.57,-0.08,-0.08,46701,0.76,0.0,11.0,10.25,6.36,14.0,0,0,0,0,1,普通,885
9946,三發地產股份有限公司,上市,建材營造,2026-09-30,17.0,0.89,17.1,17.25,25.67,27.66,-0.27,-0.31,181251,0.71,0.03,19.9,16.65,14.57,8.29,0,0,0,0,1,普通,886
6873,泓德能源科技股份有限公司,上市,綠能環保,2026-09-30,68.4,0.74,68.56,69.04,38.67,44.86,-0.98,-1.3,145527,0.69,0.1,90.0,67.1,24.0,16.62,0,0,0,0,1,普通,887
1435,中福國際(股)公司,上市,其他,2026-09-30,22.4,2.99,22.27,22.49,30.54,32.03,-0.16,-0.14,7532,0.69,0.0,29.2,21.05,23.29,5.04,0,0,0,0,1,普通,888
2524,京城建設股份有限公司,上市,建材營造,2026-09-30,34.7,1.31,34.84,34.84,37.16,40.15,-0.06,-0.07,54705,0.65,0.02,38.45,33.25,9.75,2.59,0,0,0,0,1,普通,889
4807,日成控股股份有限公司,上市,貿易百貨,2026-09-30,29.35,0.69,29.43,29.69,32.1,45.04,-0.36,-0.56,129101,0.64,0.04,42.8,27.4,31.43,6.9,0,0,0,0,1,普通,890
6605,帝寶工業股份有限公司,上市,汽車工業,2026-09-30,137.5,-0.36,138.5,137.86,56.93,60.68,0.28,0.27,156892,0.62,0.22,142.0,135.5,3.17,2.25,0,0,0,0,1,普通,891
6176,瑞儀光電股份有限公司,上市,光電,2026-09-30,91.2,1.11,91.64,93.62,29.24,44.2,-2.69,-3.33,1302036,0.61,1.19,121.6,88.9,25.0,13.22,0,0,0,0,1,普通,892
1776,展宇科技材料股份有限公司,上市,化學工業,2026-09-30,18.15,-0.27,18.14,17.86,50.17,59.76,0.25,0.21,27010,0.58,0.0,19.85,17.0,8.56,1.48,0,0,0,0,1,普通,893
1541,錩泰工業股份有限公司,上市,電機機械,2026-09-30,20.9,-0.48,21.14,21.19,58.07,60.63,-0.14,-0.15,5007,0.57,0.0,22.5,20.65,7.11,6.4,0,0,0,0,1,普通,894
2540,愛山林建設開發股份有限公司,上市,建材營造,2026-09-30,48.45,1.79,48.84,48.74,20.35,31.49,-0.09,-0.17,291272,0.56,0.14,61.0,46.9,20.57,8.1,0,0,0,0,1,普通,895
4426,利勤實業股份有限公司,上市,紡織纖維,2026-09-30,7.61,-0.0,7.71,7.66,36.8,44.03,-0.03,-0.05,45126,0.55,0.0,8.47,7.47,10.15,6.14,0,0,0,0,1,普通,896
3040,遠見科技股份有限公司,上市,其他,2026-09-30,33.85,0.0,34.58,35.07,38.7,47.9,-0.67,-0.69,112941,0.53,0.04,38.8,33.7,12.76,33.0,0,0,0,0,1,普通,897
1410,南洋染整股份有限公司,上市,紡織纖維,2026-09-30,24.1,-0.0,24.15,24.43,24.53,29.49,-0.28,-0.29,67802,0.48,0.02,27.6,23.9,12.68,17.5,0,0,0,0,1,普通,898
5533,皇鼎建設開發股份有限公司,上市,建材營造,2026-09-30,13.95,0.72,13.97,13.96,40.82,53.19,0.0,0.0,48000,0.42,0.01,14.3,13.8,2.45,2.33,0,0,0,0,1,普通,899
1531,高林股份有限公司,上市,電機機械,2026-09-30,11.65,0.43,11.7,11.89,32.39,37.46,-0.25,-0.28,55969,0.28,0.01,13.7,11.55,14.96,20.5,0,0,0,0,1,普通,900
8488,吉源控股股份有限公司,上市,其他,2026-09-30,9.95,1.53,9.9,9.98,16.11,16.79,-0.04,-0.02,19078,0.17,0.0,10.75,9.77,7.44,4.44,0,0,0,0,1,普通,901
1441,大東紡織股份有限公司,上市,紡織纖維,2026-09-30,10.0,-1.48,10.11,10.17,74.96,66.95,-0.08,-0.08,92920,4.22,0.01,11.1,10.0,9.88,0.0,0,0,0,0,0,普通,902
7803,雲象科技股份有限公司,上市,生技醫療,2026-09-30,17.95,1.13,18.0,18.71,21.9,29.46,-0.46,-0.39,144159,2.63,0.03,23.2,17.75,22.63,26.25,0,0,0,0,0,普通,903
2423,固緯電子實業股份有限公司,上市,其他電子,2026-09-30,72.1,0.14,72.82,73.23,30.55,41.93,-0.43,-0.35,156413,2.15,0.11,84.8,72.0,14.98,127.0,0,0,0,0,0,普通,904
1540,喬福機械工業股份有限公司,上市,電機機械,2026-09-30,19.3,-0.26,19.41,19.46,40.73,47.51,-0.09,-0.12,174589,1.62,0.03,23.3,19.1,17.17,20.0,0,0,0,0,0,普通,905
1533,車王電子股份有限公司,上市,汽車工業,2026-09-30,30.3,-0.33,30.44,30.73,33.16,33.66,-0.42,-0.48,127062,1.58,0.04,37.75,29.95,19.74,21.29,0,0,0,0,0,普通,906
2033,佳大世界股份有限公司,上市,鋼鐵工業,2026-09-30,42.35,10.0,38.45,31.67,89.63,84.79,4.48,3.44,3592059,1.57,1.52,42.35,23.9,-0.0,0.0,0,0,0,0,0,普通,907
2496,卓越成功股份有限公司,上市,其他,2026-09-30,55.0,-0.18,54.98,55.04,38.64,40.06,-0.18,-0.29,14049,1.47,0.01,60.0,54.5,8.33,10.0,0,0,0,0,0,普通,908
2360,致茂電子股份有限公司,上市,其他電子,2026-09-30,2135.0,-2.29,2276.0,2194.73,33.59,43.01,42.14,44.56,2354386,1.08,50.27,2440.0,1975.0,12.5,1.91,0,0,0,0,0,普通,909
6670,復盛應用科技股份有限公司,上市,運動休閒,2026-09-30,272.0,-0.37,272.4,272.78,43.92,39.28,0.67,1.28,180998,1.08,0.49,287.5,270.0,5.39,7.75,0,0,0,0,0,普通,910
7823,奧義賽博科技股份有限公司,上市,數位雲端,2026-09-30,80.2,0.25,80.32,81.16,26.38,23.56,-0.7,-0.69,37185,0.98,0.03,88.8,79.1,9.68,7.82,0,0,0,0,0,普通,911
2211,長榮鋼鐵股份有限公司,上市,鋼鐵工業,2026-09-30,79.7,1.14,79.7,81.25,21.25,15.89,-1.41,-1.38,534048,0.94,0.43,95.5,78.8,16.54,17.56,0,0,0,0,0,普通,912
2227,裕隆日產汽車股份有限公司,上市,汽車工業,2026-09-30,45.0,0.56,45.01,46.2,9.19,8.75,-0.96,-0.87,36277,0.94,0.02,50.8,44.75,11.42,23.2,0,0,0,0,0,普通,913
3008,大立光電股份有限公司,上市,光電,2026-09-30,5945.0,-1.25,6161.0,6247.31,18.53,26.95,76.97,212.2,1660528,0.86,98.72,7810.0,5945.0,23.88,0.0,0,0,0,0,0,普通,914
6807,峰源集團股份有限公司,上市,居家生活,2026-09-30,32.3,1.25,32.47,33.2,39.48,39.37,-0.63,-0.6,7030,0.85,0.0,38.45,31.9,15.99,15.38,0,0,0,0,0,普通,915
4766,南寶樹脂化學工廠股份有限公司,上市,化學工業,2026-09-30,340.5,-0.15,341.7,341.12,68.08,66.63,0.44,0.56,84138,0.79,0.29,359.0,333.0,5.15,2.47,0,0,0,0,0,普通,916
8367,建新國際股份有限公司,上市,航運業,2026-09-30,40.45,1.0,40.37,40.56,38.2,45.88,-0.06,-0.01,12019,0.78,0.0,41.2,40.05,1.82,1.87,0,0,0,0,0,普通,917
8404,百和興業股份有限公司(開曼),上市,其他,2026-09-30,13.25,0.76,13.44,14.26,6.82,5.92,-0.73,-0.68,313245,0.77,0.04,17.15,13.15,22.74,39.0,0,0,0,0,0,普通,918
1457,宜進實業股份有限公司,上市,紡織纖維,2026-09-30,14.4,0.7,14.39,14.41,40.21,48.92,0.0,0.02,53383,0.63,0.01,14.55,14.3,1.03,1.5,0,0,0,0,0,普通,919
2359,所羅門股份有限公司,上市,其他電子,2026-09-30,128.5,0.0,128.5,132.98,34.07,32.87,-4.2,-4.2,997375,0.37,1.28,177.5,125.0,27.61,14.0,0,0,0,0,0,普通,920
2442,新美齊股份有限公司,上市,建材營造,2026-09-30,14.4,0.35,14.43,15.39,30.89,26.0,-0.91,-0.88,525411,0.33,0.08,18.58,14.15,22.49,16.72,0,0,0,0,0,普通,921
2453,凌群電腦股份有限公司,上市,資訊服務,2026-09-30,53.6,0.19,53.64,53.47,24.05,37.85,0.38,0.41,155565,0.33,0.08,56.7,51.8,5.47,1.72,0,0,0,0,0,普通,922
9906,欣巴巴事業股份有限公司,上市,建材營造,2026-09-30,39.45,0.38,39.68,39.75,53.7,52.54,-0.1,-0.08,21346,0.25,0.01,42.24,36.95,6.61,1.12,0,0,0,0,0,普通,923
8201,無敵科技股份有限公司,上市,其他電子,2026-09-30,16.05,9.93,13.67,12.64,86.08,68.69,0.58,0.17,1763067,9.95,0.28,16.05,11.55,-0.0,0.0,0,0,0,0,-1,普通,924
2702,華園飯店股份有限公司,上市,觀光餐旅,2026-09-30,12.25,-3.16,12.69,12.68,47.55,62.6,0.0,0.03,350086,7.89,0.04,13.25,12.25,7.55,0.0,0,0,0,0,-1,普通,925
6464,台灣數位光訊科技股份有限公司,上市,其他,2026-09-30,76.8,1.32,76.9,77.3,45.79,56.55,-0.25,-0.14,17823,1.45,0.01,79.6,75.8,3.52,2.8,0,0,0,0,-1,普通,926
6902,走著瞧股份有限公司,上市,數位雲端,2026-09-30,159.0,-2.15,167.2,144.45,74.2,79.92,10.27,6.42,556159,1.28,0.88,176.5,121.0,9.92,0.46,0,0,0,0,-1,普通,927
2109,華豐橡膠工業股份有限公司,上市,橡膠工業,2026-09-30,14.4,0.35,14.68,14.71,33.11,40.7,-0.03,0.01,166275,1.26,0.02,15.0,14.35,4.0,12.0,0,0,0,0,-1,普通,928
6951,青新環境工程股份有限公司,上市,綠能環保,2026-09-30,69.2,0.14,69.22,70.05,4.65,6.92,-0.59,-0.48,23347,1.2,0.02,73.6,69.1,5.98,44.0,0,0,0,0,-1,普通,929
1319,東陽實業廠股份有限公司,上市,汽車工業,2026-09-30,77.9,0.13,78.62,79.46,24.6,36.56,-0.41,-0.11,1447940,1.15,1.13,83.9,77.8,7.15,60.0,0,0,0,0,-1,普通,930
1231,聯華食品工業股份有限公司,上市,食品工業,2026-09-30,79.6,0.0,79.66,80.06,25.34,30.89,-0.31,-0.3,232204,1.14,0.18,83.9,79.3,5.13,14.33,0,0,0,0,-1,普通,931
1256,鮮活控股股份有限公司,上市,食品工業,2026-09-30,168.0,-0.3,167.5,171.6,24.88,16.73,-3.07,-2.89,59681,1.14,0.1,200.0,166.5,16.0,21.33,0,0,0,0,-1,普通,932
1451,年興紡織股份有限公司,上市,紡織纖維,2026-09-30,17.0,0.59,17.04,17.12,40.69,44.81,-0.08,-0.07,83775,1.13,0.01,17.75,16.9,4.23,7.5,0,0,0,0,-1,普通,933
5283,禾聯碩股份有限公司,上市,電器電纜,2026-09-30,52.8,0.38,53.22,53.04,20.29,32.81,0.75,1.12,59673,1.09,0.03,56.3,52.2,6.22,5.83,0,0,0,0,-1,普通,934
1532,勤美股份有限公司,上市,電機機械,2026-09-30,22.3,0.9,22.32,22.52,19.73,23.42,-0.09,-0.04,309402,1.05,0.07,23.55,22.1,5.31,6.25,0,0,0,0,-1,普通,935
1321,大洋塑膠工業股份有限公司,上市,塑膠工業,2026-09-30,32.4,0.15,32.44,32.44,50.06,53.09,0.03,0.05,76006,1.03,0.02,33.75,32.0,4.0,3.38,0,0,0,0,-1,普通,936
2504,國產建材實業股份有限公司,上市,建材營造,2026-09-30,30.65,0.33,30.87,31.06,27.97,37.4,-0.16,-0.12,1251484,1.01,0.38,32.25,30.5,4.96,10.67,0,0,0,0,-1,普通,937
2707,晶華國際酒店股份有限公司,上市,觀光餐旅,2026-09-30,175.5,0.29,176.5,177.38,23.77,33.04,-0.76,-0.54,87691,0.96,0.15,183.0,175.0,4.1,15.0,0,0,0,0,-1,普通,938
1227,佳格食品股份有限公司,上市,食品工業,2026-09-30,28.1,0.36,28.14,28.34,23.03,25.34,-0.2,-0.2,505635,0.91,0.14,30.25,28.0,7.11,21.5,0,0,0,0,-1,普通,939
1234,黑松股份有限公司,上市,食品工業,2026-09-30,33.0,0.3,33.01,33.18,13.95,17.23,-0.13,-0.11,74163,0.91,0.02,34.15,32.9,3.37,11.5,0,0,0,0,-1,普通,940
7736,虎山實業股份有限公司,上市,汽車工業,2026-09-30,68.5,0.44,68.6,68.97,20.17,26.19,-0.34,-0.32,16073,0.9,0.01,71.8,68.2,4.6,11.0,0,0,0,0,-1,普通,941
3056,富華創新股份有限公司,上市,建材營造,2026-09-30,13.85,-0.0,14.01,14.04,35.19,42.99,-0.03,-0.02,506970,0.87,0.07,14.85,13.6,6.73,4.0,0,0,0,0,-1,普通,942
2511,太子建設開發股份有限公司,上市,建材營造,2026-09-30,8.34,0.24,8.37,8.38,24.67,31.86,-0.0,0.01,544505,0.84,0.05,8.64,8.3,3.47,7.5,0,0,0,0,-1,普通,943
3703,欣陸投資控股股份有限公司,上市,建材營造,2026-09-30,19.6,0.51,19.7,19.76,17.62,26.51,-0.07,-0.07,689212,0.83,0.14,20.85,19.4,6.0,6.25,0,0,0,0,-1,普通,944
7740,熙特爾新能源股份有限公司,上市,綠能環保,2026-09-30,104.5,2.45,109.5,121.07,10.46,12.95,-7.96,-6.04,143337,0.82,0.15,177.0,102.0,40.96,29.0,0,0,0,0,-1,普通,945
6923,中台資源科技股份有限公司,上市,綠能環保,2026-09-30,75.2,0.53,75.74,76.04,19.69,31.41,-0.2,-0.09,47949,0.82,0.04,80.4,74.8,6.47,13.0,0,0,0,0,-1,普通,946
2539,櫻花建設股份有限公司,上市,建材營造,2026-09-30,34.3,0.88,34.58,34.77,25.57,35.03,-0.04,0.08,654286,0.8,0.22,36.15,33.95,5.12,5.29,0,0,0,0,-1,普通,947
2906,高林實業股份有限公司,上市,貿易百貨,2026-09-30,13.4,0.75,13.45,13.63,23.3,29.12,-0.07,-0.01,79256,0.8,0.01,14.2,13.3,5.63,8.0,0,0,0,0,-1,普通,948
6625,必應創造股份有限公司,上市,其他,2026-09-30,74.0,0.14,74.0,74.69,31.62,31.9,-0.65,-0.65,48873,0.77,0.04,80.1,73.3,7.62,8.71,0,0,0,0,-1,普通,949
5525,順天建設股份有限公司,上市,建材營造,2026-09-30,22.0,0.23,22.14,22.1,32.31,40.3,-0.02,-0.02,66276,0.77,0.01,23.3,21.7,5.58,4.33,0,0,0,0,-1,普通,950
9902,台火開發股份有限公司,上市,其他,2026-09-30,13.2,1.15,13.24,13.39,27.14,32.83,-0.13,-0.11,64795,0.77,0.01,13.95,13.05,5.38,5.0,0,0,0,0,-1,普通,951
1904,正隆股份有限公司,上市,造紙工業,2026-09-30,24.6,1.44,24.72,24.68,37.17,40.45,0.11,0.2,1193362,0.72,0.29,25.75,24.25,4.47,3.29,0,0,0,0,-1,普通,952
9921,巨大機械工業股份有限公司,上市,運動休閒,2026-09-30,93.1,-1.06,91.56,93.53,56.91,49.23,-1.45,-1.31,1123826,0.71,1.05,111.5,87.6,16.5,3.35,0,0,0,0,-1,普通,953
2535,達欣工程股份有限公司,上市,建材營造,2026-09-30,89.2,0.11,89.56,89.57,27.94,38.13,-0.02,0.03,136390,0.69,0.12,93.0,88.6,4.09,6.33,0,0,0,0,-1,普通,954
2739,寒舍餐旅管理顧問股份有限公司,上市,觀光餐旅,2026-09-30,36.55,0.83,36.58,36.87,24.4,25.01,-0.04,0.12,46707,0.68,0.02,38.25,36.25,4.44,5.67,0,0,0,0,-1,普通,955
3617,碩天科技股份有限公司,上市,其他電子,2026-09-30,242.0,0.62,242.4,243.27,36.13,42.78,0.44,1.23,211351,0.65,0.51,260.0,236.0,6.92,3.0,0,0,0,0,-1,普通,956
2505,國揚實業股份有限公司,上市,建材營造,2026-09-30,17.0,0.29,17.08,17.18,32.76,37.01,-0.14,-0.14,396027,0.65,0.07,18.2,16.7,6.59,4.0,0,0,0,0,-1,普通,957
9940,信義房屋股份有限公司,上市,其他,2026-09-30,20.1,1.01,20.14,20.26,22.53,29.03,-0.09,-0.07,192092,0.63,0.04,21.7,19.85,7.37,6.4,0,0,0,0,-1,普通,958
1454,台灣富綢纖維股份有限公司,上市,紡織纖維,2026-09-30,12.2,0.41,12.31,12.41,14.46,27.81,-0.06,-0.03,20456,0.62,0.0,13.0,12.1,6.15,8.0,0,0,0,0,-1,普通,959
2820,中華票券金融股份有限公司,上市,金融保險,2026-09-30,16.85,-0.0,17.05,17.05,22.68,42.34,0.1,0.17,1915262,0.61,0.32,17.5,16.55,3.71,2.17,0,0,0,0,-1,普通,960
2832,台灣產物保險股份有限公司,上市,金融保險,2026-09-30,56.9,0.18,57.46,57.95,30.23,45.75,-0.31,-0.18,124248,0.6,0.07,61.5,56.6,7.48,15.33,0,0,0,0,-1,普通,961
2852,第一產物保險股份有限公司,上市,金融保險,2026-09-30,27.85,0.54,27.97,28.02,33.96,46.7,0.02,0.09,145280,0.58,0.04,30.05,27.7,7.32,14.67,0,0,0,0,-1,普通,962
1726,永記造漆工業股份有限公司,上市,化學工業,2026-09-30,76.5,0.39,76.54,76.86,13.32,17.24,-0.26,-0.22,13199,0.57,0.01,80.5,76.2,4.97,13.33,0,0,0,0,-1,普通,963
6024,群益期貨股份有限公司,上市,金融保險,2026-09-30,60.4,0.33,60.72,61.14,37.06,41.73,-0.2,-0.04,139539,0.56,0.08,63.5,60.2,4.88,15.5,0,0,0,0,-1,普通,964
2537,聯上開發股份有限公司,上市,建材營造,2026-09-30,11.25,0.0,11.33,11.34,23.07,26.49,-0.01,0.01,395251,0.56,0.04,11.7,11.05,3.85,2.25,0,0,0,0,-1,普通,965
2528,皇普建設股份有限公司,上市,建材營造,2026-09-30,19.4,0.52,19.71,19.85,24.72,37.19,-0.12,-0.06,164150,0.56,0.03,20.8,19.3,6.73,14.0,0,0,0,0,-1,普通,966
2348,海悅國際開發股份有限公司,上市,其他,2026-09-30,70.6,0.14,71.72,71.62,22.21,33.24,0.12,0.23,206208,0.54,0.15,76.1,70.2,7.22,13.75,0,0,0,0,-1,普通,967
2845,遠東國際商業銀行股份有限公司,上市,金融保險,2026-09-30,13.1,-0.0,13.27,13.42,10.36,24.92,-0.02,0.05,7111525,0.53,0.93,13.75,13.0,4.73,6.5,0,0,0,0,-1,普通,968
4119,旭富製藥科技股份有限公司,上市,生技醫療,2026-09-30,55.5,0.18,56.36,56.39,18.77,33.14,0.88,1.42,107770,0.51,0.06,59.7,53.8,7.04,2.47,0,0,0,0,-1,普通,969
1563,巧新科技工業股份有限公司,上市,汽車工業,2026-09-30,75.6,-0.66,74.6,77.17,44.97,32.03,-2.2,-2.15,234444,0.5,0.18,94.0,72.4,19.57,5.75,0,0,0,0,-1,普通,970
1712,興農股份有限公司,上市,化學工業,2026-09-30,39.8,0.51,39.82,39.94,21.77,22.04,-0.01,0.07,315477,0.5,0.13,41.05,39.6,3.05,6.25,0,0,0,0,-1,普通,971
2612,中國航運股份有限公司,上市,航運業,2026-09-30,61.8,1.64,62.02,62.02,25.59,28.56,0.77,1.3,288022,0.49,0.18,65.0,60.8,4.92,3.2,0,0,0,0,-1,普通,972
2321,東訊股份有限公司,上市,通信網路,2026-09-30,24.3,-2.8,24.64,26.17,29.27,40.39,-0.63,-0.34,1965,0.49,0.0,30.08,23.9,19.21,14.45,0,0,0,0,-1,普通,973
4590,富田電機股份有限公司,上市,電機機械,2026-09-30,89.1,0.68,89.54,89.3,35.17,38.45,0.51,0.76,118271,0.47,0.11,95.0,86.8,6.21,2.57,0,0,0,0,-1,普通,974
2606,裕民航運股份有限公司,上市,航運業,2026-09-30,73.6,0.27,75.42,75.38,26.76,36.66,0.96,1.74,2059845,0.46,1.52,79.7,73.4,7.65,30.5,0,0,0,0,-1,普通,975
6177,達麗建設事業股份有限公司,上市,建材營造,2026-09-30,46.45,0.43,46.5,47.18,12.24,18.18,-0.31,-0.17,654503,0.46,0.3,49.2,46.2,5.59,11.0,0,0,0,0,-1,普通,976
6918,愛派司生技股份有限公司,上市,生技醫療,2026-09-30,74.3,0.41,74.48,74.81,30.09,35.47,-0.11,0.09,12045,0.46,0.01,78.0,72.9,4.74,2.64,0,0,0,0,-1,普通,977
2608,嘉里大榮物流股份有限公司,上市,航運業,2026-09-30,28.6,0.18,28.69,28.71,22.44,33.74,-0.01,-0.0,103980,0.44,0.03,29.75,28.4,3.87,5.75,0,0,0,0,-1,普通,978
2438,翔耀實業股份有限公司,上市,光電,2026-09-30,19.9,1.02,19.77,19.68,40.01,44.66,0.23,0.28,90266,0.44,0.02,22.05,18.25,9.75,1.3,0,0,0,0,-1,普通,979
2637,慧洋海運股份有限公司,上市,航運業,2026-09-30,96.4,1.47,98.58,98.29,29.11,43.69,1.68,2.69,1541752,0.43,1.49,102.5,95.0,5.95,4.36,0,0,0,0,-1,普通,980
2723,開曼美食達人股份有限公司,上市,觀光餐旅,2026-09-30,77.4,1.04,78.02,77.66,31.76,39.86,1.33,2.13,127865,0.43,0.1,83.5,76.6,7.31,7.62,0,0,0,0,-1,普通,981
6224,聚鼎科技股份有限公司,上市,電子零組件,2026-09-30,78.8,-2.96,81.24,82.16,16.53,29.8,2.23,3.81,890084,0.41,0.7,89.2,77.3,11.66,6.93,0,0,0,0,-1,普通,982
3024,憶聲電子股份有限公司,上市,光電,2026-09-30,14.2,0.0,14.36,14.39,20.12,34.3,0.14,0.22,473440,0.4,0.07,15.1,13.8,5.96,2.25,0,0,0,0,-1,普通,983
2836,高雄銀行股份有限公司,上市,金融保險,2026-09-30,12.1,0.83,12.14,12.19,15.7,25.82,0.0,0.03,593641,0.34,0.07,12.94,12.0,6.46,8.4,0,0,0,0,-1,普通,984
5907,Grand Ocean RetailGroupLimited,上市,貿易百貨,2026-09-30,4.81,0.42,4.82,4.86,36.89,43.52,-0.03,-0.02,116501,0.32,0.01,5.2,4.76,7.5,7.8,0,0,0,0,-1,普通,985
3504,揚明光學股份有限公司,上市,光電,2026-09-30,79.1,-0.5,78.62,80.38,33.42,25.53,-0.62,-0.0,689793,0.29,0.55,94.3,77.0,16.12,7.24,0,0,0,0,-1,普通,986
2509,全坤建設開發股份有限公司,上市,建材營造,2026-09-30,14.3,1.78,14.34,14.49,20.75,25.87,-0.01,0.08,30901,0.29,0.0,15.5,14.05,7.74,4.8,0,0,0,0,-1,普通,987
2617,台灣航業股份有限公司,上市,航運業,2026-09-30,31.45,0.64,32.29,32.24,22.79,31.13,0.34,0.61,565281,0.28,0.18,33.65,31.2,6.54,8.8,0,0,0,0,-1,普通,988
6689,伊雲谷數位科技股份有限公司,上市,數位雲端,2026-09-30,64.8,0.62,64.24,64.19,16.04,25.0,0.72,0.86,188501,0.21,0.12,70.5,60.1,8.09,1.21,0,0,0,0,-1,普通,989
4148,全宇生技控股有限公司,上市,生技醫療,2026-09-30,32.0,0.16,32.18,32.37,14.29,20.09,0.11,0.24,12000,0.2,0.0,34.5,31.05,7.25,2.63,0,0,0,0,-1,普通,990
4930,燦星網通股份有限公司,上市,電器電纜,2026-09-30,15.9,0.32,15.9,16.02,29.19,36.4,-0.08,-0.07,12059,0.2,0.0,17.1,15.8,7.02,12.0,0,0,0,0,-1,普通,991
4943,開曼康而富控股股份有限公司,上市,電子零組件,2026-09-30,6.91,-1.0,6.98,7.32,16.51,24.6,-0.31,-0.31,7957,0.17,0.0,9.0,6.61,23.22,6.97,0,0,0,0,-1,普通,992
7812,稜研科技股份有限公司,上市,通信網路,2026-09-30,66.7,-3.89,71.78,74.85,13.97,28.16,-1.31,-0.0,248211,1.99,0.17,85.3,66.7,21.81,0.0,0,0,0,0,-2,普通,993
1460,宏遠興業股份有限公司,上市,紡織纖維,2026-09-30,6.26,0.32,6.27,6.4,13.59,15.38,-0.11,-0.1,420741,1.93,0.03,7.77,6.24,19.43,75.5,0,0,0,0,-2,普通,994
9930,中聯資源股份有限公司,上市,綠能環保,2026-09-30,60.2,-0.0,60.48,61.42,10.8,11.18,-0.74,-0.63,205799,1.8,0.12,64.1,60.2,6.08,0.0,0,0,0,0,-2,普通,995
1413,宏洲纖維工業股份有限公司,上市,紡織纖維,2026-09-30,9.22,1.54,9.25,9.26,34.47,38.05,-0.04,-0.04,36968,1.77,0.0,11.0,9.08,16.18,12.71,0,0,0,0,-2,普通,996
4536,拓凱實業股份有限公司,上市,運動休閒,2026-09-30,161.0,-0.31,163.6,164.35,40.26,56.86,-0.9,-0.78,248017,1.67,0.4,173.5,160.5,7.2,25.0,0,0,0,0,-2,普通,997
1537,廣隆光電科技股份有限公司,上市,電機機械,2026-09-30,115.0,-0.43,115.1,116.32,40.97,44.11,-1.54,-1.88,131631,1.24,0.15,128.0,114.0,10.16,13.0,0,0,0,0,-2,普通,998
6598,Applied BioCode Corporation,上市,生技醫療,2026-09-30,27.4,0.74,27.38,27.75,23.05,23.8,-0.15,-0.08,194758,1.24,0.05,31.5,27.0,13.02,10.25,0,0,0,0,-2,普通,999
1342,八貫企業股份有限公司,上市,其他,2026-09-30,100.0,-0.99,100.7,101.25,44.86,50.11,-0.79,-0.9,134919,1.16,0.13,117.5,99.3,14.89,25.0,0,0,0,0,-2,普通,1000
2547,日勝生活科技股份有限公司,上市,建材營造,2026-09-30,9.79,-0.61,9.87,9.93,45.65,50.03,-0.08,-0.1,1404086,1.05,0.14,11.45,9.69,14.5,16.6,0,0,0,0,-2,普通,1001
6957,裕慶金屬股份有限公司,上市,其他,2026-09-30,371.0,9.93,322.8,274.68,95.12,90.63,29.97,18.37,302579,1.04,1.12,371.0,216.0,0.0,0.0,0,0,0,0,-2,普通,1002
9917,中興保全科技股份有限公司,上市,其他,2026-09-30,105.5,0.0,105.9,105.92,26.0,37.07,0.28,0.46,320969,1.03,0.34,108.5,105.5,2.76,0.0,0,0,0,0,-2,普通,1003
7760,享溫馨企業股份有限公司,上市,觀光餐旅,2026-09-30,32.55,-2.11,32.92,32.94,75.13,75.98,-0.09,-0.12,35224,0.94,0.01,36.0,32.5,9.58,69.0,0,0,0,0,-2,普通,1004
1817,凱撒衛浴股份有限公司,上市,玻璃陶瓷,2026-09-30,39.85,0.0,40.09,40.11,21.56,39.06,0.09,0.18,30163,0.86,0.01,40.5,39.85,1.6,0.0,0,0,0,0,-2,普通,1005
1445,大宇紡織股份有限公司,上市,紡織纖維,2026-09-30,10.1,1.0,10.05,10.18,14.46,15.74,-0.11,-0.11,57496,0.81,0.01,11.85,10.0,14.77,17.5,0,0,0,0,-2,普通,1006
4555,台灣氣立股份有限公司,上市,電機機械,2026-09-30,42.15,1.32,41.95,43.14,33.41,33.95,-1.06,-1.04,76991,0.71,0.03,51.0,41.6,17.35,16.09,0,0,0,0,-2,普通,1007
7791,皇家可口股份有限公司,上市,食品工業,2026-09-30,55.3,-0.18,55.56,55.95,34.18,39.52,-0.55,-0.67,18558,0.65,0.01,63.6,55.0,13.05,27.67,0,0,0,0,-2,普通,1008
6931,青松健康股份有限公司,上市,生技醫療,2026-09-30,38.9,0.39,38.84,39.56,16.32,22.69,-0.46,-0.34,24293,0.59,0.01,43.55,38.75,10.68,31.0,0,0,0,0,-2,普通,1009
1201,味全食品工業股份有限公司,上市,食品工業,2026-09-30,11.65,1.3,11.62,11.88,15.69,17.92,-0.17,-0.13,691084,0.57,0.08,12.7,11.5,8.27,7.0,0,0,0,0,-2,普通,1010
2201,裕隆汽車製造股份有限公司,上市,汽車工業,2026-09-30,29.25,0.17,29.24,29.61,6.94,10.81,-0.0,0.19,2065214,0.44,0.6,31.95,29.2,8.45,54.0,0,0,0,0,-2,普通,1011
1463,強盛新投資控股股份有限公司,上市,紡織纖維,2026-09-30,17.5,-0.28,17.61,17.51,55.21,60.22,0.02,-0.02,33040,0.43,0.01,18.1,17.05,3.31,1.33,0,0,0,0,-2,普通,1012
2228,劍麟股份有限公司,上市,汽車工業,2026-09-30,74.8,-0.27,74.98,75.06,33.16,35.5,-0.36,-0.5,56657,0.37,0.04,85.7,73.4,12.72,7.79,0,0,0,0,-2,普通,1013
2102,泰豐輪胎股份有限公司,上市,橡膠工業,2026-09-30,16.55,1.53,16.5,17.4,9.84,12.25,-0.54,-0.41,222812,0.31,0.04,19.35,16.3,14.47,11.2,0,0,0,0,-2,普通,1014
5546,永固集團股份有限公司,上市,建材營造,2026-09-30,14.35,1.77,14.29,14.46,22.66,26.45,-0.06,-0.02,10700,0.31,0.0,17.1,14.1,16.08,11.0,0,0,0,0,-2,普通,1015
4976,佳凌科技股份有限公司,上市,光電,2026-09-30,35.8,0.85,35.54,36.36,32.32,33.48,-0.48,-0.35,551857,0.23,0.2,41.55,34.9,13.84,6.39,0,0,0,0,-2,普通,1016
1473,台南企業股份有限公司,上市,紡織纖維,2026-09-30,19.25,-0.26,19.4,19.69,7.22,14.03,-0.17,-0.12,121246,2.32,0.02,20.6,19.25,6.55,0.0,0,0,0,0,-3,普通,1017
6994,富威電力股份有限公司,上市,綠能環保,2026-09-30,26.5,-0.38,26.9,29.7,27.61,24.61,-2.6,-2.51,624298,0.89,0.17,44.15,26.1,39.98,44.13,0,0,0,0,-3,普通,1018
2546,根基營造股份有限公司,上市,建材營造,2026-09-30,105.0,-0.94,105.9,104.89,51.98,56.42,1.15,1.49,107974,0.69,0.11,116.5,101.0,9.87,2.88,0,0,0,0,-3,普通,1019
5284,經寶精密控股股份有限公司,上市,其他,2026-09-30,299.5,-0.17,299.6,303.68,50.19,42.34,-4.3,-3.81,233468,0.63,0.7,355.0,290.0,15.63,5.84,0,0,0,0,-3,普通,1020
2530,大華建設股份有限公司,上市,建材營造,2026-09-30,20.05,-0.25,20.17,20.02,37.58,44.35,0.16,0.17,540961,0.63,0.11,21.1,19.25,4.98,1.31,0,0,0,0,-3,普通,1021
6969,成信實業股份有限公司,上市,綠能環保,2026-09-30,31.35,-0.95,31.54,32.64,21.21,18.68,-0.48,-0.16,99500,0.58,0.03,38.55,30.65,18.68,10.29,0,0,0,0,-3,普通,1022
6965,中傑投資控股股份有限公司,上市,運動休閒,2026-09-30,63.7,-1.7,66.68,69.86,14.57,21.36,-2.39,-1.84,244973,5.56,0.16,80.0,63.7,20.37,0.0,0,0,0,0,-4,普通,1023
6908,宏碁遊戲股份有限公司,上市,電子通路,2026-09-30,26.65,-1.48,28.6,29.69,9.75,10.93,-0.95,-0.76,110917,3.73,0.03,37.0,26.65,27.97,0.0,0,0,0,0,-4,普通,1024
2911,麗嬰房股份有限公司,上市,貿易百貨,2026-09-30,6.08,0.83,6.11,6.3,9.36,11.59,-0.16,-0.15,111325,1.44,0.01,8.0,6.03,24.0,38.4,0,0,0,0,-4,普通,1025
1442,名軒開發股份有限公司,上市,建材營造,2026-09-30,27.2,1.12,28.15,29.4,21.25,39.7,-0.46,-0.04,597629,1.4,0.16,31.6,26.9,13.92,14.67,0,0,0,0,-4,普通,1026
2207,和泰汽車股份有限公司,上市,汽車工業,2026-09-30,509.0,0.59,513.2,520.86,12.11,22.75,-1.32,2.13,332058,1.35,1.69,558.0,506.0,8.78,16.33,0,0,0,0,-4,普通,1027
1905,中華紙漿股份有限公司,上市,造紙工業,2026-09-30,13.05,1.56,13.05,13.23,27.92,30.02,-0.15,-0.13,2106296,1.32,0.27,16.15,12.85,19.2,15.5,0,0,0,0,-4,普通,1028
5522,遠雄建設事業股份有限公司,上市,建材營造,2026-09-30,61.0,0.49,61.04,61.83,31.95,33.14,-0.79,-0.77,666357,1.21,0.41,69.4,60.0,12.1,8.4,0,0,0,0,-4,普通,1029
2520,冠德建設股份有限公司,上市,建材營造,2026-09-30,36.5,-1.35,37.0,36.82,26.76,37.99,0.33,0.41,1748135,1.15,0.64,38.35,35.85,4.82,2.85,0,0,0,0,-4,普通,1030
1235,興泰實業股份有限公司,上市,食品工業,2026-09-30,33.15,0.91,35.27,35.53,24.53,40.08,-0.18,0.15,41188,1.07,0.01,39.19,32.85,15.41,20.13,0,0,0,0,-4,普通,1031
2705,六福開發股份有限公司,上市,觀光餐旅,2026-09-30,15.1,0.33,15.14,15.37,24.6,27.85,-0.2,-0.18,107562,1.05,0.02,16.55,15.05,8.76,29.0,0,0,0,0,-4,普通,1032
8464,億豐綜合工業股份有限公司,上市,居家生活,2026-09-30,366.5,-1.61,372.2,372.03,26.39,38.16,-0.04,0.42,349216,1.0,1.28,398.0,361.0,7.91,5.73,0,0,0,0,-4,普通,1033
1733,五鼎生物技術股份有限公司,上市,生技醫療,2026-09-30,29.6,0.51,29.9,30.56,20.42,21.26,-0.48,-0.36,106419,0.97,0.03,32.4,29.45,8.64,18.67,0,0,0,0,-4,普通,1034
1907,永豐餘投資控股股份有限公司,上市,造紙工業,2026-09-30,28.4,1.79,28.4,28.98,18.45,21.04,-0.33,-0.2,732282,0.95,0.21,31.2,27.9,8.97,5.6,0,0,0,0,-4,普通,1035
2838,聯邦商業銀行股份有限公司,上市,金融保險,2026-09-30,20.6,0.24,20.97,21.01,20.89,40.15,0.1,0.2,1919767,0.93,0.4,23.3,20.25,11.6,7.71,0,0,0,0,-4,普通,1036
1339,昭輝實業股份有限公司,上市,汽車工業,2026-09-30,42.35,0.12,42.58,43.04,33.11,41.19,-0.44,-0.43,55943,0.93,0.02,46.35,42.3,8.63,80.0,0,0,0,0,-4,普通,1037
2204,中華汽車工業股份有限公司,上市,汽車工業,2026-09-30,52.3,0.58,52.4,52.79,30.72,33.82,-0.32,-0.25,445708,0.9,0.23,57.9,52.0,9.67,18.67,0,0,0,0,-4,普通,1038
3043,科風股份有限公司,上市,其他電子,2026-09-30,20.35,1.24,20.53,20.61,38.48,47.35,-0.12,-0.1,45679,0.85,0.01,22.8,20.0,10.75,7.0,0,0,0,0,-4,普通,1039
1436,華友聯開發股份有限公司,上市,建材營造,2026-09-30,35.7,0.56,36.17,36.94,12.95,19.82,-0.61,-0.53,121707,0.84,0.04,46.0,35.5,22.39,51.5,0,0,0,0,-4,普通,1040
6606,建德工業股份有限公司,上市,電機機械,2026-09-30,24.8,0.2,24.98,25.31,36.11,41.49,-0.26,-0.21,64034,0.81,0.02,27.2,24.7,8.82,24.0,0,0,0,0,-4,普通,1041
1525,江申工業股份有限公司,上市,汽車工業,2026-09-30,63.7,-0.0,64.2,65.13,21.16,30.88,-0.79,-0.69,7000,0.8,0.0,68.8,63.7,7.41,0.0,0,0,0,0,-4,普通,1042
2646,星宇航空股份有限公司,上市,航運業,2026-09-30,20.15,0.5,20.21,20.39,26.14,27.27,-0.19,-0.19,2862285,0.72,0.58,22.0,20.05,8.41,18.5,0,0,0,0,-4,普通,1043
7722,連加網路商業股份有限公司,上市,數位雲端,2026-09-30,259.0,0.39,259.9,266.58,22.81,26.37,-5.81,-5.42,32193,0.71,0.08,316.19,258.0,18.09,57.19,0,0,0,0,-4,普通,1044
9136,巨騰國際控股有限公司,上市,91,2026-09-30,9.14,0.11,9.19,9.87,12.91,16.09,-0.57,-0.54,177001,0.69,0.02,12.85,9.13,28.87,371.0,0,0,0,0,-4,普通,1045
4155,訊映光電股份有限公司,上市,生技醫療,2026-09-30,14.65,0.34,14.73,14.71,26.41,38.95,0.02,0.02,165152,0.68,0.02,16.15,14.1,9.29,2.73,0,0,0,0,-4,普通,1046
1626,艾美特(開曼)國際有限公司,上市,電器電纜,2026-09-30,9.6,-0.0,9.67,9.67,43.61,56.47,-0.02,-0.02,36723,0.67,0.0,10.95,9.41,12.33,7.11,0,0,0,0,-4,普通,1047
2515,中華工程股份有限公司,上市,建材營造,2026-09-30,11.9,0.85,11.9,11.94,23.31,26.97,-0.04,-0.04,3352507,0.66,0.4,13.52,11.75,12.0,10.8,0,0,0,0,-4,普通,1048
9933,中鼎工程股份有限公司,上市,其他,2026-09-30,40.7,0.87,40.81,40.9,22.89,39.65,0.27,0.41,1375992,0.61,0.56,42.75,39.1,4.8,1.28,0,0,0,0,-4,普通,1049
5519,隆大營建事業股份有限公司,上市,建材營造,2026-09-30,25.3,1.2,25.33,26.03,19.52,22.27,-0.66,-0.65,177574,0.58,0.04,32.81,25.0,22.89,25.03,0,0,0,0,-4,普通,1050
5306,桂盟國際股份有限公司,上市,運動休閒,2026-09-30,88.8,0.23,88.84,90.36,33.09,34.89,-1.22,-1.03,49544,0.57,0.04,99.6,88.1,10.84,15.43,0,0,0,0,-4,普通,1051
2762,世界健身股份有限公司,上市,運動休閒,2026-09-30,79.2,0.25,79.42,80.45,10.61,13.37,-1.02,-1.0,28622,0.53,0.02,89.6,79.0,11.61,52.0,0,0,0,0,-4,普通,1052
2536,宏普建設股份有限公司,上市,建材營造,2026-09-30,19.15,0.0,19.28,19.44,25.66,35.31,-0.19,-0.19,464383,0.51,0.09,21.45,18.8,10.72,6.57,0,0,0,0,-4,普通,1053
5531,鄉林建設事業股份有限公司,上市,建材營造,2026-09-30,6.92,1.02,6.97,7.11,11.63,15.13,-0.14,-0.13,531832,0.49,0.04,8.0,6.85,13.5,15.43,0,0,0,0,-4,普通,1054
2889,國票金融控股股份有限公司,上市,金融保險,2026-09-30,16.5,0.61,16.62,16.57,20.95,39.77,0.22,0.32,6697411,0.43,1.11,17.3,15.65,4.62,0.94,0,0,0,0,-4,普通,1055
4585,達明機器人股份有限公司,上市,其他電子,2026-09-30,292.0,0.69,293.5,295.87,25.69,36.81,-1.53,-1.19,78277,0.37,0.23,324.0,288.0,9.88,8.0,0,0,0,0,-4,普通,1056
1808,潤隆建設股份有限公司,上市,建材營造,2026-09-30,31.65,0.16,32.41,33.63,14.5,24.91,-0.43,-0.01,686232,0.33,0.22,37.0,31.6,14.46,107.0,0,0,0,0,-4,普通,1057
7732,金興精密工業股份有限公司,上市,汽車工業,2026-09-30,33.5,0.0,33.82,34.08,50.64,58.46,-0.24,-0.2,1026,0.2,0.0,36.1,33.5,7.2,0.0,0,0,0,0,-4,普通,1058
6914,阜爾運通股份有限公司,上市,其他,2026-09-30,119.0,-0.42,120.0,120.71,32.21,48.54,-0.57,-0.45,82471,1.98,0.1,125.0,119.0,4.8,0.0,0,0,0,0,-5,普通,1059
2237,華德動能科技股份有限公司,上市,汽車工業,2026-09-30,26.75,-0.56,26.91,27.39,19.99,24.05,-0.68,-0.83,108281,0.94,0.03,41.9,26.75,36.16,0.0,0,0,0,0,-5,普通,1060
1512,瑞利企業股份有限公司,上市,汽車工業,2026-09-30,6.11,-0.16,6.15,6.24,31.47,38.76,-0.09,-0.1,47451,0.92,0.0,7.2,6.11,15.14,0.0,0,0,0,0,-5,普通,1061
8466,美吉吉國際股份有限公司,上市,其他,2026-09-30,15.1,-0.98,15.6,15.13,56.44,56.6,-0.1,-0.27,31056,0.75,0.0,17.75,13.6,14.93,1.77,0,0,0,0,-5,普通,1062
2206,三陽工業股份有限公司,上市,汽車工業,2026-09-30,62.1,-0.64,63.0,63.25,21.39,40.56,-0.04,0.15,739060,1.25,0.46,64.8,62.1,4.17,0.0,0,0,0,0,-7,普通,1063
5534,長虹建設股份有限公司,上市,建材營造,2026-09-30,73.1,-0.27,73.8,74.81,16.76,23.95,-0.97,-0.95,710161,1.23,0.52,81.7,72.9,10.53,43.0,0,0,0,0,-7,普通,1064
6592,和潤企業股份有限公司,上市,其他,2026-09-30,56.9,-0.0,57.52,59.03,3.95,6.41,-0.91,-0.6,475502,1.14,0.27,62.1,56.9,8.37,0.0,0,0,0,0,-7,普通,1065
6794,向榮生醫科技股份有限公司,上市,生技醫療,2026-09-30,71.8,-0.0,73.14,74.58,26.76,38.79,-0.66,-0.19,19022,0.93,0.01,85.2,71.8,15.73,0.0,0,0,0,0,-7,普通,1066
4190,佐登妮絲集團股份有限公司,上市,生技醫療,2026-09-30,24.95,-0.4,25.05,25.4,37.85,40.4,-0.15,-0.05,11794,0.92,0.0,27.1,24.95,7.93,0.0,0,0,0,0,-7,普通,1067
1539,巨庭機械股份有限公司,上市,電機機械,2026-09-30,15.45,0.0,15.51,15.61,9.13,19.24,-0.08,-0.08,18001,0.91,0.0,16.95,15.45,8.85,0.0,0,0,0,0,-7,普通,1068
1707,葡萄王生技股份有限公司,上市,生技醫療,2026-09-30,85.7,-0.23,86.52,87.91,9.31,14.69,-1.13,-0.92,270191,0.83,0.23,92.7,85.7,7.55,0.0,0,0,0,0,-7,普通,1069
6192,巨路國際股份有限公司,上市,其他電子,2026-09-30,109.5,0.0,110.2,111.89,22.91,32.5,-1.59,-1.46,85424,0.78,0.09,121.0,109.5,9.5,0.0,0,0,0,0,-7,普通,1070
1215,台灣卜蜂企業股份有限公司,上市,食品工業,2026-09-30,105.0,-0.47,105.3,107.28,20.66,23.78,-1.03,-0.68,440132,0.68,0.46,113.5,105.0,7.49,0.0,0,0,0,0,-7,普通,1071
6405,悅城科技股份有限公司,上市,光電,2026-09-30,50.1,9.99,44.12,41.56,82.71,68.88,1.2,0.09,470287,0.67,0.24,56.0,37.1,10.54,0.45,0,0,0,0,-7,普通,1072
2897,王道商業銀行股份有限公司,上市,金融保險,2026-09-30,10.9,-0.46,11.02,10.93,24.72,46.33,0.15,0.19,3864091,0.61,0.42,11.25,10.6,3.11,1.17,0,0,0,0,-7,普通,1073
4737,華廣生技股份有限公司,上市,生技醫療,2026-09-30,55.4,-0.36,56.96,57.67,36.06,57.6,-0.11,0.3,45799,0.46,0.03,63.6,54.0,12.89,5.86,0,0,0,0,-7,普通,1074
6671,三能集團控股股份有限公司,上市,居家生活,2026-09-30,22.7,-0.66,22.82,22.91,42.23,51.42,-0.08,-0.08,7132,0.45,0.0,24.7,22.55,8.1,13.33,0,0,0,0,-7,普通,1075
6657,華安醫學股份有限公司,上市,生技醫療,2026-09-30,32.7,0.77,32.83,32.87,21.63,26.9,0.31,0.48,97680,0.39,0.03,37.45,30.0,12.68,1.76,0,0,0,0,-7,普通,1076
1538,正峰工業股份有限公司,上市,電機機械,2026-09-30,7.48,-9.88,8.14,8.57,7.76,20.71,-0.33,-0.28,15001,1.98,0.0,11.0,7.48,32.0,0.0,0,0,0,0,-8,普通,1077
1506,正道工業股份有限公司,上市,電機機械,2026-09-30,9.53,-0.42,9.63,9.83,9.76,13.44,-0.16,-0.14,353113,1.7,0.03,11.25,9.53,15.29,0.0,0,0,0,0,-8,普通,1078
7821,神達數位股份有限公司,上市,汽車工業,2026-09-30,35.9,-0.55,36.52,38.12,8.54,14.26,-0.85,-0.55,197496,1.68,0.07,41.6,35.9,13.7,0.0,0,0,0,0,-8,普通,1079
2548,華固建設股份有限公司,上市,建材營造,2026-09-30,91.6,-0.65,92.94,93.66,16.64,26.53,-0.66,-0.54,1625456,1.59,1.49,99.6,91.6,8.03,0.0,0,0,0,0,-8,普通,1080
6225,天瀚科技股份有限公司,上市,光電,2026-09-30,60.9,9.93,52.84,57.21,45.62,28.26,1.34,3.34,191428,0.63,0.12,74.9,46.2,18.69,0.95,0,0,0,0,-8,普通,1081
2501,國泰建設股份有限公司,上市,建材營造,2026-09-30,21.1,-0.24,21.2,21.73,17.24,21.17,-0.4,-0.34,3114270,1.43,0.66,24.2,21.1,12.81,0.0,0,0,0,0,-10,普通,1082
4572,駐龍精密機械股份有限公司,上市,電機機械,2026-09-30,138.5,-0.36,139.2,140.51,15.74,21.25,-0.68,-0.4,14722,0.91,0.02,153.0,138.5,9.48,0.0,0,0,0,0,-10,普通,1083
1232,大統益股份有限公司,上市,食品工業,2026-09-30,153.5,-0.32,154.2,154.93,20.54,28.76,-0.38,-0.12,69708,0.84,0.11,168.5,153.5,8.9,0.0,0,0,0,0,-10,普通,1084
9941,裕融企業股份有限公司,上市,其他,2026-09-30,77.9,-0.51,78.96,80.32,6.43,13.83,-0.91,-0.63,834842,0.8,0.65,85.39,77.9,8.77,0.0,0,0,0,0,-10,普通,1085
